run_id,fire_id,fire_time_utc,fire_epoch,signal_symbol,signal_mint,control_symbol,control_mint,signal_net_5m,control_net_5m,delta_5m,signal_entry_quote_ok,control_entry_quote_ok,signal_fwd_quote_ok_5m,control_fwd_quote_ok_5m,signal_entry_ts_epoch,control_entry_ts_epoch,signal_fwd_due_epoch_5m,control_fwd_due_epoch_5m,signal_fwd_ts_epoch_5m,control_fwd_ts_epoch_5m,signal_entry_jitter_sec,control_entry_jitter_sec,signal_fwd_jitter_5m_sec,control_fwd_jitter_5m_sec,signal_row_valid,control_row_valid,invalid_reason_signal,invalid_reason_control,outlier_flag
1677a7da,e7d34aff,2026-03-07T01:15:00+00:00,1772846100,CLARITY,3oaRkLHm94Y2fisjNPwkcHV7iUjTMdh5cSQyGarUpump,MEME,HHYJWYJQCmnQ1ubjzjntURGduf7QztBpQmG7h2P1pump,-0.00493830000000005,-0.0285187,0.0235803999999999,1,1,1,1,1772846887,1772846887,1772846400,1772846400,1772846898,1772846899,787,787,498,499,1,1,,,0
1677a7da,fecebc02,2026-03-07T01:30:00+00:00,1772847000,shitcoin,9yWFUKC2TNzZs6e1PzGg4kLx9yYrqiTfoT1qcsNNpump,AICOIN,217dt9idH1Q9UXT8rjpknnyFggizXUVD2r5EZNjopump,-0.0655541,0.0392106000000001,-0.1047647,1,1,1,1,1772847010,1772847010,1772847300,1772847300,1772847302,1772847303,10,10,2,3,1,1,,,1
1677a7da,b0896652,2026-03-07T01:45:00+00:00,1772847900,"Peace ",atVjZ7uM8sVrLFi5Xe1JiLGW6mW9pvQdTCWzhNFpump,MINDVOID,9VYUuSVZGw82Nz8rcSix4x4zurBmvkfiKtyvYCY4pump,0.00851969999999992,-0.0156418,0.0241614999999999,1,1,1,1,1772847906,1772847906,1772848200,1772848200,1772848207,1772848208,6,6,7,8,1,1,,,0
1677a7da,69335eb8,2026-03-07T02:00:00+00:00,1772848800,AICOIN,217dt9idH1Q9UXT8rjpknnyFggizXUVD2r5EZNjopump,"E=MC²",E9SmMCvtLfitMwkLzkduwgN8ZYcfepiELLQ8d1SApump,-0.0727305,-0.0618686,-0.0108619,1,1,1,1,1772848812,1772848813,1772849100,1772849100,1772849104,1772849106,12,13,4,6,1,1,,,0
1677a7da,2e252c84,2026-03-07T02:15:00+00:00,1772849700,CORVUS,CoPRYLGHc7Qadere13xSPhRvgwwStCZn9dHpBZQ7pump,DELULU,6RxB1KdzVMXrrYn7nQWvaGgh5e2EpbA1FcEFtq74pump,-0.0576941,-0.0481789,-0.00951519999999995,1,1,1,1,1772849709,1772849709,1772850000,1772850000,1772850001,1772850001,9,9,1,1,1,1,,,0
1677a7da,9bb0ab24,2026-03-07T02:30:00+00:00,1772850600,CORVUS,CoPRYLGHc7Qadere13xSPhRvgwwStCZn9dHpBZQ7pump,BRAINLET,9jCJEc8JYAQHrWc1NVnKW21vY96eHoY9ZJmbzCsupump,0.0583511000000001,-0.038697,0.0970481000000001,1,1,1,1,1772850604,1772850604,1772850900,1772850900,1772850906,1772850906,4,4,6,6,1,1,,,0
1677a7da,ab27d44e,2026-03-07T02:45:00+00:00,1772851500,Machi,ATBR4i19gcQ31Rfr7ymA2XvkCQEAkNFGBtVKTmdqpump,MEME,HHYJWYJQCmnQ1ubjzjntURGduf7QztBpQmG7h2P1pump,-0.00623670000000009,0.0398088999999999,-0.0460456,1,1,1,1,1772851509,1772851509,1772851800,1772851800,1772851801,1772851801,9,9,1,1,1,1,,,0
1677a7da,2d14465b,2026-03-07T03:00:00+00:00,1772852400,BRAINLET,9jCJEc8JYAQHrWc1NVnKW21vY96eHoY9ZJmbzCsupump,MINDVOID,9VYUuSVZGw82Nz8rcSix4x4zurBmvkfiKtyvYCY4pump,-0.0534671,0.0533745999999999,-0.1068417,1,1,1,1,1772852404,1772852405,1772852700,1772852700,1772852706,1772852707,4,5,6,7,1,1,,,1
1677a7da,dc51e92c,2026-03-07T03:15:00+00:00,1772853300,CLARITY,3oaRkLHm94Y2fisjNPwkcHV7iUjTMdh5cSQyGarUpump,DELULU,6RxB1KdzVMXrrYn7nQWvaGgh5e2EpbA1FcEFtq74pump,-0.2461699,-0.0487553,-0.1974146,1,1,1,1,1772853310,1772853310,1772853600,1772853600,1772853601,1772853602,10,10,1,2,1,1,,,1
1677a7da,9dc773ef,2026-03-07T03:30:00+00:00,1772854200,AICOIN,217dt9idH1Q9UXT8rjpknnyFggizXUVD2r5EZNjopump,MEME,HHYJWYJQCmnQ1ubjzjntURGduf7QztBpQmG7h2P1pump,-0.0130928,-0.0356377,0.0225449,1,1,1,1,1772854205,1772854205,1772854500,1772854500,1772854507,1772854507,5,5,7,7,1,1,,,0
1677a7da,dfbf087f,2026-03-07T03:45:00+00:00,1772855100,AICOIN,217dt9idH1Q9UXT8rjpknnyFggizXUVD2r5EZNjopump,"𝕏Money",EnTu4xYmd49b6drs6FwTodxcJW1sHFurbvueyk9Kpump,0.1642236,-0.0470566,0.2112802,1,1,1,1,1772855110,1772855111,1772855400,1772855400,1772855402,1772855403,10,11,2,3,1,1,,,1
1677a7da,768547e6,2026-03-07T04:00:00+00:00,1772856000,MINDVOID,9VYUuSVZGw82Nz8rcSix4x4zurBmvkfiKtyvYCY4pump,BRAINLET,9jCJEc8JYAQHrWc1NVnKW21vY96eHoY9ZJmbzCsupump,0.2317816,0.0766453,0.1551363,1,1,1,1,1772856007,1772856007,1772856300,1772856300,1772856309,1772856309,7,7,9,9,1,1,,,1
1677a7da,02ea66fd,2026-03-07T04:15:00+00:00,1772856900,MINDVOID,9VYUuSVZGw82Nz8rcSix4x4zurBmvkfiKtyvYCY4pump,BRAINLET,9jCJEc8JYAQHrWc1NVnKW21vY96eHoY9ZJmbzCsupump,0.0413762,-0.0355579,0.0769341,1,1,1,1,1772856902,1772856902,1772857200,1772857200,1772857203,1772857204,2,2,3,4,1,1,,,0
1677a7da,260f6b7a,2026-03-07T04:30:00+00:00,1772857800,CLARITY,3oaRkLHm94Y2fisjNPwkcHV7iUjTMdh5cSQyGarUpump,DELULU,6RxB1KdzVMXrrYn7nQWvaGgh5e2EpbA1FcEFtq74pump,-0.00467440000000007,-0.2057599,0.2010855,1,1,1,1,1772857806,1772857807,1772858100,1772858100,1772858108,1772858109,6,7,8,9,1,1,,,1
1677a7da,6ee8e824,2026-03-07T04:45:00+00:00,1772858700,Machi,ATBR4i19gcQ31Rfr7ymA2XvkCQEAkNFGBtVKTmdqpump,"𝕏Money",EnTu4xYmd49b6drs6FwTodxcJW1sHFurbvueyk9Kpump,0.0896272,-0.0417275,0.1313547,1,1,1,1,1772858702,1772858702,1772859000,1772859000,1772859004,1772859004,2,2,4,4,1,1,,,1
1677a7da,b0f34a90,2026-03-07T05:00:00+00:00,1772859600,shitcoin,9yWFUKC2TNzZs6e1PzGg4kLx9yYrqiTfoT1qcsNNpump,AICOIN,217dt9idH1Q9UXT8rjpknnyFggizXUVD2r5EZNjopump,-0.0924861,-0.0581923,-0.0342938,1,1,1,1,1772859607,1772859608,1772859900,1772859900,1772859909,1772859910,7,8,9,10,1,1,,,0
1677a7da,33c10ca4,2026-03-07T05:15:00+00:00,1772860500,SHAPE,4HhWcsfjaWYKJtjaxd4EyGSAL4Ky8C3DvqAWPHnrpump,BRAINLET,9jCJEc8JYAQHrWc1NVnKW21vY96eHoY9ZJmbzCsupump,-0.065821,0.0186538999999999,-0.0844748999999999,1,1,1,1,1772860503,1772860504,1772860800,1772860800,1772860805,1772860806,3,4,5,6,1,1,,,0
1677a7da,e8f61ec6,2026-03-07T05:30:00+00:00,1772861400,MINDVOID,9VYUuSVZGw82Nz8rcSix4x4zurBmvkfiKtyvYCY4pump,BRAINLET,9jCJEc8JYAQHrWc1NVnKW21vY96eHoY9ZJmbzCsupump,-0.2964021,0.1427467,-0.4391488,1,1,1,1,1772861408,1772861409,1772861700,1772861700,1772861700,1772861701,8,9,0,1,1,1,,,1
1677a7da,8406b71b,2026-03-07T05:45:00+00:00,1772862300,MINDVOID,9VYUuSVZGw82Nz8rcSix4x4zurBmvkfiKtyvYCY4pump,BRAINLET,9jCJEc8JYAQHrWc1NVnKW21vY96eHoY9ZJmbzCsupump,0.0698563999999999,-0.3190359,0.3888923,1,1,1,1,1772862304,1772862305,1772862600,1772862600,1772862606,1772862607,4,5,6,7,1,1,,,1
1677a7da,2d2a88ec,2026-03-07T06:00:00+00:00,1772863200,BRAINLET,9jCJEc8JYAQHrWc1NVnKW21vY96eHoY9ZJmbzCsupump,CLARITY,3oaRkLHm94Y2fisjNPwkcHV7iUjTMdh5cSQyGarUpump,-0.0898677,-0.00268960000000006,-0.0871780999999999,1,1,1,1,1772863211,1772863211,1772863500,1772863500,1772863503,1772863504,11,11,3,4,1,1,,,0
1677a7da,10ac8e94,2026-03-07T06:15:00+00:00,1772864100,CLARITY,3oaRkLHm94Y2fisjNPwkcHV7iUjTMdh5cSQyGarUpump,CORVUS,CoPRYLGHc7Qadere13xSPhRvgwwStCZn9dHpBZQ7pump,0.1116658,-0.0418522,0.153518,1,1,1,1,1772864107,1772864107,1772864400,1772864400,1772864408,1772864409,7,7,8,9,1,1,,,1
1677a7da,1652e392,2026-03-07T06:30:00+00:00,1772865000,CORVUS,CoPRYLGHc7Qadere13xSPhRvgwwStCZn9dHpBZQ7pump,DELULU,6RxB1KdzVMXrrYn7nQWvaGgh5e2EpbA1FcEFtq74pump,0.0230386,0.0606161999999999,-0.0375775999999999,1,1,1,1,1772865011,1772865012,1772865300,1772865300,1772865303,1772865304,11,12,3,4,1,1,,,0
1677a7da,e8b745b0,2026-03-07T06:45:00+00:00,1772865900,LOLA,7BeoEbgJepbf4mAyw4PZ48TcgrDK25kR7zexV42Apump,Machi,ATBR4i19gcQ31Rfr7ymA2XvkCQEAkNFGBtVKTmdqpump,-0.036541,-0.0220143,-0.0145267,1,1,1,1,1772865906,1772865907,1772866200,1772866200,1772866208,1772866209,6,7,8,9,1,1,,,0
1677a7da,41c76937,2026-03-07T07:00:00+00:00,1772866800,"SOL人生",GWcAPiF2cBf5de8E1eSERcnVdH411NqT2peG7zDJpump,SHAPE,4HhWcsfjaWYKJtjaxd4EyGSAL4Ky8C3DvqAWPHnrpump,-0.0434549,-0.036175,-0.00727990000000001,1,1,1,1,1772866813,1772866814,1772867100,1772867100,1772867105,1772867106,13,14,5,6,1,1,,,0
1677a7da,c9ffb366,2026-03-07T07:15:00+00:00,1772867700,MINDVOID,9VYUuSVZGw82Nz8rcSix4x4zurBmvkfiKtyvYCY4pump,"SOL人生",GWcAPiF2cBf5de8E1eSERcnVdH411NqT2peG7zDJpump,0.0375776999999999,-0.0250277,0.0626053999999999,1,1,1,1,1772867708,1772867709,1772868000,1772868000,1772868000,1772868001,8,9,0,1,1,1,,,0
1677a7da,be6659e7,2026-03-07T07:30:00+00:00,1772868600,"Peace ",atVjZ7uM8sVrLFi5Xe1JiLGW6mW9pvQdTCWzhNFpump,DELULU,6RxB1KdzVMXrrYn7nQWvaGgh5e2EpbA1FcEFtq74pump,-0.054304,-0.0363818,-0.0179222,1,1,1,1,1772868604,1772868605,1772868900,1772868900,1772868906,1772868907,4,5,6,7,1,1,,,0
1677a7da,bfd14642,2026-03-07T07:45:00+00:00,1772869500,MINDVOID,9VYUuSVZGw82Nz8rcSix4x4zurBmvkfiKtyvYCY4pump,"SOL人生",GWcAPiF2cBf5de8E1eSERcnVdH411NqT2peG7zDJpump,0.0856897999999999,-0.0654295,0.1511193,1,1,1,1,1772869510,1772869511,1772869800,1772869800,1772869802,1772869803,10,11,2,3,1,1,,,1
1677a7da,f134777d,2026-03-07T08:00:00+00:00,1772870400,CORVUS,CoPRYLGHc7Qadere13xSPhRvgwwStCZn9dHpBZQ7pump,DELULU,6RxB1KdzVMXrrYn7nQWvaGgh5e2EpbA1FcEFtq74pump,0.0651561999999999,-0.0147258999999999,0.0798820999999998,1,1,1,1,1772870407,1772870408,1772870700,1772870700,1772870709,1772870710,7,8,9,10,1,1,,,0
1677a7da,0fac275a,2026-03-07T08:15:00+00:00,1772871300,LOLA,7BeoEbgJepbf4mAyw4PZ48TcgrDK25kR7zexV42Apump,AICOIN,217dt9idH1Q9UXT8rjpknnyFggizXUVD2r5EZNjopump,0.0442372,-0.039531,0.0837682,1,1,1,1,1772871303,1772871304,1772871600,1772871600,1772871605,1772871606,3,4,5,6,1,1,,,0
1677a7da,d1aa6001,2026-03-07T08:30:00+00:00,1772872200,MINDVOID,9VYUuSVZGw82Nz8rcSix4x4zurBmvkfiKtyvYCY4pump,"Peace ",atVjZ7uM8sVrLFi5Xe1JiLGW6mW9pvQdTCWzhNFpump,-0.0120555,-0.0126825,0.000627000000000044,1,1,1,1,1772872209,1772872209,1772872500,1772872500,1772872501,1772872502,9,9,1,2,1,1,,,0
1677a7da,b43764c0,2026-03-07T08:45:00+00:00,1772873100,MINDVOID,9VYUuSVZGw82Nz8rcSix4x4zurBmvkfiKtyvYCY4pump,"SOL人生",GWcAPiF2cBf5de8E1eSERcnVdH411NqT2peG7zDJpump,-0.00869589999999997,-0.0874802,0.0787843,1,1,1,1,1772873105,1772873105,1772873400,1772873400,1772873407,1772873407,5,5,7,7,1,1,,,0
1677a7da,91012045,2026-03-07T09:00:00+00:00,1772874000,AICOIN,217dt9idH1Q9UXT8rjpknnyFggizXUVD2r5EZNjopump,Machi,ATBR4i19gcQ31Rfr7ymA2XvkCQEAkNFGBtVKTmdqpump,0.122584,-0.0269481,0.1495321,1,1,1,1,1772874012,1772874013,1772874300,1772874300,1772874305,1772874306,12,13,5,6,1,1,,,1
1677a7da,ca385948,2026-03-07T09:15:00+00:00,1772874900,LOLA,7BeoEbgJepbf4mAyw4PZ48TcgrDK25kR7zexV42Apump,AICOIN,217dt9idH1Q9UXT8rjpknnyFggizXUVD2r5EZNjopump,-0.2123037,-0.0247129,-0.1875908,1,1,1,1,1772874908,1772874909,1772875200,1772875200,1772875200,1772875200,8,9,0,0,1,1,,,1
1677a7da,7b904907,2026-03-07T09:30:00+00:00,1772875800,MINDVOID,9VYUuSVZGw82Nz8rcSix4x4zurBmvkfiKtyvYCY4pump,LOLA,7BeoEbgJepbf4mAyw4PZ48TcgrDK25kR7zexV42Apump,0.00710769999999995,0.0443193,-0.0372116,1,1,1,1,1772875803,1772875804,1772876100,1772876100,1772876105,1772876106,3,4,5,6,1,1,,,0
1677a7da,3bcb42a6,2026-03-07T09:45:00+00:00,1772876700,"SOL人生",GWcAPiF2cBf5de8E1eSERcnVdH411NqT2peG7zDJpump,CORVUS,CoPRYLGHc7Qadere13xSPhRvgwwStCZn9dHpBZQ7pump,-0.0338824,0.0807910000000001,-0.1146734,1,1,1,1,1772876709,1772876709,1772877000,1772877000,1772877001,1772877001,9,9,1,1,1,1,,,1
1677a7da,de66b960,2026-03-07T10:00:00+00:00,1772877600,MINDVOID,9VYUuSVZGw82Nz8rcSix4x4zurBmvkfiKtyvYCY4pump,PIZZA,G9ivB7K41a4G8m1k4QdxxN4L5eGKL7Mr12S26B85pump,0.2199121,-0.0315894,0.2515015,1,1,1,1,1772877605,1772877606,1772877900,1772877900,1772877907,1772877908,5,6,7,8,1,1,,,1
1677a7da,f5687fae,2026-03-07T10:15:00+00:00,1772878500,PIZZA,G9ivB7K41a4G8m1k4QdxxN4L5eGKL7Mr12S26B85pump,MINDVOID,9VYUuSVZGw82Nz8rcSix4x4zurBmvkfiKtyvYCY4pump,0.00445840000000009,0.0316141999999999,-0.0271557999999998,1,1,1,1,1772878511,1772878511,1772878800,1772878800,1772878803,1772878803,11,11,3,3,1,1,,,0
1677a7da,1d823eb0,2026-03-07T10:30:00+00:00,1772879400,SHAPE,4HhWcsfjaWYKJtjaxd4EyGSAL4Ky8C3DvqAWPHnrpump,Machi,ATBR4i19gcQ31Rfr7ymA2XvkCQEAkNFGBtVKTmdqpump,-0.0185362,-0.0291351,0.0105989,1,1,1,1,1772879407,1772879408,1772879700,1772879700,1772879700,1772879701,7,8,0,1,1,1,,,0
1677a7da,1a13087c,2026-03-07T10:45:00+00:00,1772880300,LOLA,7BeoEbgJepbf4mAyw4PZ48TcgrDK25kR7zexV42Apump,DELULU,6RxB1KdzVMXrrYn7nQWvaGgh5e2EpbA1FcEFtq74pump,-0.0356006,-0.0367973,0.00119670000000005,1,1,1,1,1772880304,1772880304,1772880600,1772880600,1772880606,1772880607,4,4,6,7,1,1,,,0
1677a7da,e38f43c3,2026-03-07T11:00:00+00:00,1772881200,"SOL人生",GWcAPiF2cBf5de8E1eSERcnVdH411NqT2peG7zDJpump,CORVUS,CoPRYLGHc7Qadere13xSPhRvgwwStCZn9dHpBZQ7pump,-0.072166,-0.00897609999999992,-0.0631899000000001,1,1,1,1,1772881212,1772881213,1772881500,1772881500,1772881505,1772881505,12,13,5,5,1,1,,,0
1677a7da,a2b66b61,2026-03-07T11:15:00+00:00,1772882100,LOLA,7BeoEbgJepbf4mAyw4PZ48TcgrDK25kR7zexV42Apump,"SOL人生",GWcAPiF2cBf5de8E1eSERcnVdH411NqT2peG7zDJpump,-0.0745963,0.0178981,-0.0924944000000001,1,1,1,1,1772882109,1772882109,1772882400,1772882400,1772882401,1772882401,9,9,1,1,1,1,,,0
1677a7da,446444b0,2026-03-07T11:30:00+00:00,1772883000,MINDVOID,9VYUuSVZGw82Nz8rcSix4x4zurBmvkfiKtyvYCY4pump,SHAPE,4HhWcsfjaWYKJtjaxd4EyGSAL4Ky8C3DvqAWPHnrpump,0.0321777000000001,-0.00944520000000003,0.0416229000000001,1,1,1,1,1772883005,1772883005,1772883300,1772883300,1772883307,1772883308,5,5,7,8,1,1,,,0
1677a7da,2d9fe8ff,2026-03-07T11:45:00+00:00,1772883900,LOLA,7BeoEbgJepbf4mAyw4PZ48TcgrDK25kR7zexV42Apump,DELULU,6RxB1KdzVMXrrYn7nQWvaGgh5e2EpbA1FcEFtq74pump,-0.0980826,-0.0421018,-0.0559808,1,1,1,1,1772883911,1772883911,1772884200,1772884200,1772884203,1772884204,11,11,3,4,1,1,,,0
1677a7da,93a8c1ff,2026-03-07T12:00:00+00:00,1772884800,LOLA,7BeoEbgJepbf4mAyw4PZ48TcgrDK25kR7zexV42Apump,DELULU,6RxB1KdzVMXrrYn7nQWvaGgh5e2EpbA1FcEFtq74pump,-0.0351202,-0.043303,0.00818279999999993,1,1,1,1,1772884808,1772884808,1772885100,1772885100,1772885100,1772885101,8,8,0,1,1,1,,,0
1677a7da,5f0bfde6,2026-03-07T12:15:00+00:00,1772885700,MINDVOID,9VYUuSVZGw82Nz8rcSix4x4zurBmvkfiKtyvYCY4pump,CORVUS,CoPRYLGHc7Qadere13xSPhRvgwwStCZn9dHpBZQ7pump,0.2682674,-0.000497799999999984,0.2687652,1,1,1,1,1772885704,1772885705,1772886000,1772886000,1772886006,1772886007,4,5,6,7,1,1,,,1
1677a7da,3afd504c,2026-03-07T12:30:00+00:00,1772886600,"比比拉布",4YuD8JVXFeyeowJacXMLY3QKhd6NwaJhto1Xqrnwpump,"SOL人生",GWcAPiF2cBf5de8E1eSERcnVdH411NqT2peG7zDJpump,-0.0584442000000001,0.0480145999999999,-0.1064588,1,1,1,1,1772886610,1772886611,1772886900,1772886900,1772886902,1772886903,10,11,2,3,1,1,,,1
1677a7da,e1ec1b53,2026-03-07T12:45:00+00:00,1772887500,CORVUS,CoPRYLGHc7Qadere13xSPhRvgwwStCZn9dHpBZQ7pump,DELULU,6RxB1KdzVMXrrYn7nQWvaGgh5e2EpbA1FcEFtq74pump,0.0277445999999999,-0.0457501,0.0734946999999999,1,1,1,1,1772887506,1772887506,1772887800,1772887800,1772887808,1772887808,6,6,8,8,1,1,,,0
1677a7da,e17e86be,2026-03-07T13:00:00+00:00,1772888400,"比比拉布",4YuD8JVXFeyeowJacXMLY3QKhd6NwaJhto1Xqrnwpump,AICOIN,217dt9idH1Q9UXT8rjpknnyFggizXUVD2r5EZNjopump,0.0934778000000001,-0.0472643,0.1407421,1,1,1,1,1772888413,1772888414,1772888700,1772888700,1772888705,1772888706,13,14,5,6,1,1,,,1
1677a7da,8254e0bb,2026-03-07T13:15:00+00:00,1772889300,AICOIN,217dt9idH1Q9UXT8rjpknnyFggizXUVD2r5EZNjopump,"比比拉布",4YuD8JVXFeyeowJacXMLY3QKhd6NwaJhto1Xqrnwpump,-0.0548782,-0.0427039,-0.0121743,1,1,1,1,1772889309,1772889309,1772889600,1772889600,1772889601,1772889601,9,9,1,1,1,1,,,0
1677a7da,e7d8756b,2026-03-07T13:30:00+00:00,1772890200,MINDVOID,9VYUuSVZGw82Nz8rcSix4x4zurBmvkfiKtyvYCY4pump,SHAPE,4HhWcsfjaWYKJtjaxd4EyGSAL4Ky8C3DvqAWPHnrpump,0.073594,-0.0188575,0.0924514999999999,1,1,1,1,1772890205,1772890206,1772890500,1772890500,1772890507,1772890508,5,6,7,8,1,1,,,0
1677a7da,4294d61b,2026-03-07T13:45:00+00:00,1772891100,CORVUS,CoPRYLGHc7Qadere13xSPhRvgwwStCZn9dHpBZQ7pump,PIZZA,G9ivB7K41a4G8m1k4QdxxN4L5eGKL7Mr12S26B85pump,-0.1397402,-0.0369895,-0.1027507,1,1,1,1,1772891111,1772891111,1772891400,1772891400,1772891403,1772891403,11,11,3,3,1,1,,,1
1677a7da,f1c48efb,2026-03-07T14:00:00+00:00,1772892000,"比比拉布",4YuD8JVXFeyeowJacXMLY3QKhd6NwaJhto1Xqrnwpump,CORVUS,CoPRYLGHc7Qadere13xSPhRvgwwStCZn9dHpBZQ7pump,-0.0525323,0.0109383000000001,-0.0634706,1,1,1,1,1772892008,1772892008,1772892300,1772892300,1772892300,1772892300,8,8,0,0,1,1,,,0
1677a7da,90ecb166,2026-03-07T14:15:00+00:00,1772892900,AICOIN,217dt9idH1Q9UXT8rjpknnyFggizXUVD2r5EZNjopump,DELULU,6RxB1KdzVMXrrYn7nQWvaGgh5e2EpbA1FcEFtq74pump,-0.1529375,-0.0293041,-0.1236334,1,1,1,1,1772892904,1772892904,1772893200,1772893200,1772893206,1772893206,4,4,6,6,1,1,,,1
1677a7da,a4c681f6,2026-03-07T14:30:00+00:00,1772893800,CORVUS,CoPRYLGHc7Qadere13xSPhRvgwwStCZn9dHpBZQ7pump,"𝕏Money",EnTu4xYmd49b6drs6FwTodxcJW1sHFurbvueyk9Kpump,-0.0290098,-0.0330629999999999,0.00405319999999998,1,1,1,1,1772893809,1772893810,1772894100,1772894100,1772894102,1772894103,9,10,2,3,1,1,,,0
1677a7da,1cf68f80,2026-03-07T14:45:00+00:00,1772894700,LOLA,7BeoEbgJepbf4mAyw4PZ48TcgrDK25kR7zexV42Apump,CORVUS,CoPRYLGHc7Qadere13xSPhRvgwwStCZn9dHpBZQ7pump,-0.1171565,-0.0853446,-0.0318119,1,1,1,1,1772894706,1772894706,1772895000,1772895000,1772895007,1772895009,6,6,7,9,1,1,,,0
1677a7da,971190bf,2026-03-07T15:00:00+00:00,1772895600,LOLA,7BeoEbgJepbf4mAyw4PZ48TcgrDK25kR7zexV42Apump,CORVUS,CoPRYLGHc7Qadere13xSPhRvgwwStCZn9dHpBZQ7pump,-0.0263041,-0.00607749999999995,-0.0202266000000001,1,1,1,1,1772895613,1772895613,1772895900,1772895900,1772895904,1772895905,13,13,4,5,1,1,,,0
1677a7da,397cf4e3,2026-03-07T15:15:00+00:00,1772896500,MINDVOID,9VYUuSVZGw82Nz8rcSix4x4zurBmvkfiKtyvYCY4pump,"𝕏Money",EnTu4xYmd49b6drs6FwTodxcJW1sHFurbvueyk9Kpump,-0.0523979,-0.0499678,-0.00243009999999999,1,1,1,1,1772896508,1772896509,1772896800,1772896800,1772896800,1772896801,8,9,0,1,1,1,,,0
1677a7da,f4e32683,2026-03-07T15:30:00+00:00,1772897400,"SOL人生",GWcAPiF2cBf5de8E1eSERcnVdH411NqT2peG7zDJpump,"比比拉布",4YuD8JVXFeyeowJacXMLY3QKhd6NwaJhto1Xqrnwpump,-0.0543518000000001,-0.0490787,-0.00527310000000003,1,1,1,1,1772897405,1772897405,1772897700,1772897700,1772897707,1772897709,5,5,7,9,1,1,,,0
1677a7da,3d4e41bb,2026-03-07T15:45:00+00:00,1772898300,BioLLM,9oxGicd5KXNcthYM6yD23X9zcznQVnHjrAEN38fFpump,"𝕏Money",EnTu4xYmd49b6drs6FwTodxcJW1sHFurbvueyk9Kpump,0.1506313,-0.0794079,0.2300392,1,1,1,1,1772898304,1772898305,1772898600,1772898600,1772898606,1772898607,4,5,6,7,1,1,,,1
1677a7da,ef070db0,2026-03-07T16:00:00+00:00,1772899200,MINDVOID,9VYUuSVZGw82Nz8rcSix4x4zurBmvkfiKtyvYCY4pump,BioLLM,9oxGicd5KXNcthYM6yD23X9zcznQVnHjrAEN38fFpump,0.0791048000000001,-0.094425,0.1735298,1,1,1,1,1772899211,1772899212,1772899500,1772899500,1772899503,1772899505,11,12,3,5,1,1,,,1
1677a7da,3e50bf07,2026-03-07T16:15:00+00:00,1772900100,NICK,DLYbj1sz9WtgUrm4Y2PkrokmHfSrWN7nz6LE8mQjpump,"扑街仔",3GEK4AZTKiHS5DA9kF4EXaFg7zX7Rw5m92XojWwKpump,-0.1015808,-0.089365,-0.0122158,1,1,1,1,1772900107,1772900108,1772900400,1772900400,1772900400,1772900401,7,8,0,1,1,1,,,0
1677a7da,801f539d,2026-03-07T16:30:00+00:00,1772901000,"扑街仔",3GEK4AZTKiHS5DA9kF4EXaFg7zX7Rw5m92XojWwKpump,CORVUS,CoPRYLGHc7Qadere13xSPhRvgwwStCZn9dHpBZQ7pump,-0.00607990000000002,0.0227097000000001,-0.0287896000000001,1,1,1,1,1772901005,1772901005,1772901300,1772901300,1772901306,1772901308,5,5,6,8,1,1,,,0
1677a7da,67999b06,2026-03-07T16:45:00+00:00,1772901900,"比比拉布",4YuD8JVXFeyeowJacXMLY3QKhd6NwaJhto1Xqrnwpump,"SOL人生",GWcAPiF2cBf5de8E1eSERcnVdH411NqT2peG7zDJpump,-0.0177665,-0.00308550000000007,-0.0146809999999999,1,1,1,1,1772901911,1772901911,1772902200,1772902200,1772902203,1772902204,11,11,3,4,1,1,,,0
1677a7da,9e70ac6b,2026-03-07T17:00:00+00:00,1772902800,NICK,DLYbj1sz9WtgUrm4Y2PkrokmHfSrWN7nz6LE8mQjpump,CORVUS,CoPRYLGHc7Qadere13xSPhRvgwwStCZn9dHpBZQ7pump,-0.0201104,-0.00340239999999991,-0.0167080000000001,1,1,1,1,1772902808,1772902808,1772903100,1772903100,1772903100,1772903100,8,8,0,0,1,1,,,0
1677a7da,fcb790d3,2026-03-07T17:15:00+00:00,1772903700,PIZZA,G9ivB7K41a4G8m1k4QdxxN4L5eGKL7Mr12S26B85pump,MINDVOID,9VYUuSVZGw82Nz8rcSix4x4zurBmvkfiKtyvYCY4pump,0.0755067000000001,0.1272385,-0.0517318,1,1,1,1,1772903704,1772903704,1772904000,1772904000,1772904006,1772904007,4,4,6,7,1,1,,,0
1677a7da,50023c90,2026-03-07T17:30:00+00:00,1772904600,NICK,DLYbj1sz9WtgUrm4Y2PkrokmHfSrWN7nz6LE8mQjpump,MINDVOID,9VYUuSVZGw82Nz8rcSix4x4zurBmvkfiKtyvYCY4pump,-0.2027963,0.0379562,-0.2407525,1,1,1,1,1772904610,1772904610,1772904900,1772904900,1772904902,1772904903,10,10,2,3,1,1,,,1
1677a7da,f4d297ec,2026-03-07T17:45:00+00:00,1772905500,NICK,DLYbj1sz9WtgUrm4Y2PkrokmHfSrWN7nz6LE8mQjpump,MINDVOID,9VYUuSVZGw82Nz8rcSix4x4zurBmvkfiKtyvYCY4pump,-0.0403172,-0.1087983,0.0684811,1,1,1,1,1772905506,1772905507,1772905800,1772905800,1772905808,1772905809,6,7,8,9,1,1,,,0
1677a7da,c844fbe9,2026-03-07T18:00:00+00:00,1772906400,MINDVOID,9VYUuSVZGw82Nz8rcSix4x4zurBmvkfiKtyvYCY4pump,NICK,DLYbj1sz9WtgUrm4Y2PkrokmHfSrWN7nz6LE8mQjpump,0.1750143,0.0110996000000001,0.1639147,1,1,1,1,1772906404,1772906404,1772906700,1772906700,1772906706,1772906707,4,4,6,7,1,1,,,1
1677a7da,6d92d22a,2026-03-07T18:15:00+00:00,1772907300,BioLLM,9oxGicd5KXNcthYM6yD23X9zcznQVnHjrAEN38fFpump,MINDVOID,9VYUuSVZGw82Nz8rcSix4x4zurBmvkfiKtyvYCY4pump,-0.0732599,0.0830727,-0.1563326,1,1,1,1,1772907310,1772907310,1772907600,1772907600,1772907602,1772907603,10,10,2,3,1,1,,,1
1677a7da,38218a44,2026-03-07T18:30:00+00:00,1772908200,"SOL人生",GWcAPiF2cBf5de8E1eSERcnVdH411NqT2peG7zDJpump,MEME,HHYJWYJQCmnQ1ubjzjntURGduf7QztBpQmG7h2P1pump,-0.0314594,-0.0345512,0.00309179999999998,1,1,1,1,1772908207,1772908208,1772908500,1772908500,1772908500,1772908501,7,8,0,1,1,1,,,0
1677a7da,cda3e21c,2026-03-07T18:45:00+00:00,1772909100,"Messenger ",ALWi1o3qgXp68UyyDkG9EvL1Cq4ofhLsRbDJYbMkpump,NICK,DLYbj1sz9WtgUrm4Y2PkrokmHfSrWN7nz6LE8mQjpump,-0.0660744,-0.0234415,-0.0426329,1,1,1,1,1772909105,1772909105,1772909400,1772909400,1772909407,1772909408,5,5,7,8,1,1,,,0
1677a7da,e33f51f4,2026-03-07T19:00:00+00:00,1772910000,BioLLM,9oxGicd5KXNcthYM6yD23X9zcznQVnHjrAEN38fFpump,DELULU,6RxB1KdzVMXrrYn7nQWvaGgh5e2EpbA1FcEFtq74pump,-0.1025488,0.0413999000000001,-0.1439487,1,1,1,1,1772910013,1772910014,1772910300,1772910300,1772910305,1772910306,13,14,5,6,1,1,,,1
1677a7da,5a7a4551,2026-03-07T19:15:00+00:00,1772910900,"Messenger ",ALWi1o3qgXp68UyyDkG9EvL1Cq4ofhLsRbDJYbMkpump,NICK,DLYbj1sz9WtgUrm4Y2PkrokmHfSrWN7nz6LE8mQjpump,-0.0165027,0.0217681999999999,-0.0382708999999999,1,1,1,1,1772910909,1772910910,1772911200,1772911200,1772911201,1772911203,9,10,1,3,1,1,,,0
1677a7da,9601b663,2026-03-07T19:30:00+00:00,1772911800,BioLLM,9oxGicd5KXNcthYM6yD23X9zcznQVnHjrAEN38fFpump,DELULU,6RxB1KdzVMXrrYn7nQWvaGgh5e2EpbA1FcEFtq74pump,-0.0291306999999999,-0.0560558,0.0269251,1,1,1,1,1772911806,1772911806,1772912100,1772912100,1772912108,1772912109,6,6,8,9,1,1,,,0
1677a7da,4db3fa68,2026-03-07T19:45:00+00:00,1772912700,"SOL人生",GWcAPiF2cBf5de8E1eSERcnVdH411NqT2peG7zDJpump,CORVUS,CoPRYLGHc7Qadere13xSPhRvgwwStCZn9dHpBZQ7pump,-0.0378040000000001,-0.1708259,0.1330219,1,1,1,1,1772912712,1772912713,1772913000,1772913000,1772913004,1772913005,12,13,4,5,1,1,,,1
1677a7da,1f47f500,2026-03-07T20:00:00+00:00,1772913600,BioLLM,9oxGicd5KXNcthYM6yD23X9zcznQVnHjrAEN38fFpump,SHAPE,4HhWcsfjaWYKJtjaxd4EyGSAL4Ky8C3DvqAWPHnrpump,0.4600462,-0.01827,0.4783162,1,1,1,1,1772913610,1772913610,1772913900,1772913900,1772913902,1772913903,10,10,2,3,1,1,,,1
1677a7da,5f084bd7,2026-03-07T20:15:00+00:00,1772914500,NICK,DLYbj1sz9WtgUrm4Y2PkrokmHfSrWN7nz6LE8mQjpump,CORVUS,CoPRYLGHc7Qadere13xSPhRvgwwStCZn9dHpBZQ7pump,-0.1028266,-0.0368317,-0.0659949,1,1,1,1,1772914506,1772914507,1772914800,1772914800,1772914808,1772914809,6,7,8,9,1,1,,,0
1677a7da,2e9c2f69,2026-03-07T20:30:00+00:00,1772915400,CORVUS,CoPRYLGHc7Qadere13xSPhRvgwwStCZn9dHpBZQ7pump,"Messenger ",ALWi1o3qgXp68UyyDkG9EvL1Cq4ofhLsRbDJYbMkpump,-0.0583192,-0.0283304,-0.0299888,1,1,1,1,1772915403,1772915404,1772915700,1772915700,1772915706,1772915707,3,4,6,7,1,1,,,0
1677a7da,8e56fa71,2026-03-07T20:45:00+00:00,1772916300,BioLLM,9oxGicd5KXNcthYM6yD23X9zcznQVnHjrAEN38fFpump,PIZZA,G9ivB7K41a4G8m1k4QdxxN4L5eGKL7Mr12S26B85pump,0.209823,-0.0135856,0.2234086,1,1,1,1,1772916310,1772916311,1772916600,1772916600,1772916602,1772916603,10,11,2,3,1,1,,,1
1677a7da,13ff2f2b,2026-03-07T21:00:00+00:00,1772917200,SHAPE,4HhWcsfjaWYKJtjaxd4EyGSAL4Ky8C3DvqAWPHnrpump,NICK,DLYbj1sz9WtgUrm4Y2PkrokmHfSrWN7nz6LE8mQjpump,0.0145972000000001,-0.013874,0.0284712000000001,1,1,1,1,1772917208,1772917209,1772917500,1772917500,1772917501,1772917502,8,9,1,2,1,1,,,0
1677a7da,7e20089a,2026-03-07T21:15:00+00:00,1772918100,Leprecoin,C9smdbQEsoZhnNCYhqeLDNE17aMGdBjJvqzk59DCpump,"比比拉布",4YuD8JVXFeyeowJacXMLY3QKhd6NwaJhto1Xqrnwpump,0.00304930000000004,-0.034064,0.0371133,1,1,1,1,1772918105,1772918106,1772918400,1772918400,1772918407,1772918408,5,6,7,8,1,1,,,0
1677a7da,71ca6ab9,2026-03-07T21:30:00+00:00,1772919000,BioLLM,9oxGicd5KXNcthYM6yD23X9zcznQVnHjrAEN38fFpump,SHAPE,4HhWcsfjaWYKJtjaxd4EyGSAL4Ky8C3DvqAWPHnrpump,-0.0181401,0.0412884,-0.0594285,1,1,1,1,1772919012,1772919012,1772919300,1772919300,1772919304,1772919305,12,12,4,5,1,1,,,0
1677a7da,b719512b,2026-03-07T21:45:00+00:00,1772919900,"Messenger ",ALWi1o3qgXp68UyyDkG9EvL1Cq4ofhLsRbDJYbMkpump,PIZZA,G9ivB7K41a4G8m1k4QdxxN4L5eGKL7Mr12S26B85pump,-0.0749161,0.0159189,-0.090835,1,1,1,1,1772919908,1772919908,1772920200,1772920200,1772920200,1772920201,8,8,0,1,1,1,,,0
1677a7da,61ff3b29,2026-03-07T22:15:00+00:00,1772921700,NICK,DLYbj1sz9WtgUrm4Y2PkrokmHfSrWN7nz6LE8mQjpump,"Messenger ",ALWi1o3qgXp68UyyDkG9EvL1Cq4ofhLsRbDJYbMkpump,-0.0635069,-0.0681166,0.00460969999999994,1,1,1,1,1772921707,1772921707,1772922000,1772922000,1772922009,1772922010,7,7,9,10,1,1,,,0
1677a7da,97872240,2026-03-07T22:30:00+00:00,1772922600,PIZZA,G9ivB7K41a4G8m1k4QdxxN4L5eGKL7Mr12S26B85pump,SHAPE,4HhWcsfjaWYKJtjaxd4EyGSAL4Ky8C3DvqAWPHnrpump,-0.0151977,-0.0444459,0.0292482000000001,1,1,1,1,1772922604,1772922604,1772922900,1772922900,1772922906,1772922907,4,4,6,7,1,1,,,0
1677a7da,81714439,2026-03-07T22:45:00+00:00,1772923500,CORVUS,CoPRYLGHc7Qadere13xSPhRvgwwStCZn9dHpBZQ7pump,NICK,DLYbj1sz9WtgUrm4Y2PkrokmHfSrWN7nz6LE8mQjpump,-0.0726892,-0.00582449999999989,-0.0668647000000001,1,1,1,1,1772923510,1772923511,1772923800,1772923800,1772923803,1772923804,10,11,3,4,1,1,,,0
1677a7da,ad1015c5,2026-03-07T23:00:00+00:00,1772924400,"Messenger ",ALWi1o3qgXp68UyyDkG9EvL1Cq4ofhLsRbDJYbMkpump,DELULU,6RxB1KdzVMXrrYn7nQWvaGgh5e2EpbA1FcEFtq74pump,-0.0543657,-0.070169,0.0158033000000001,1,1,1,1,1772924409,1772924410,1772924700,1772924700,1772924702,1772924703,9,10,2,3,1,1,,,0
1677a7da,6b7aa722,2026-03-07T23:15:00+00:00,1772925300,CORVUS,CoPRYLGHc7Qadere13xSPhRvgwwStCZn9dHpBZQ7pump,NICK,DLYbj1sz9WtgUrm4Y2PkrokmHfSrWN7nz6LE8mQjpump,0.0342397999999999,0.00316830000000002,0.0310714999999999,1,1,1,1,1772925306,1772925307,1772925600,1772925600,1772925608,1772925609,6,7,8,9,1,1,,,0
1677a7da,d3d3dccf,2026-03-07T23:30:00+00:00,1772926200,PIZZA,G9ivB7K41a4G8m1k4QdxxN4L5eGKL7Mr12S26B85pump,SHAPE,4HhWcsfjaWYKJtjaxd4EyGSAL4Ky8C3DvqAWPHnrpump,-0.0530785,-0.00541229999999992,-0.0476662000000001,1,1,1,1,1772926203,1772926204,1772926500,1772926500,1772926505,1772926507,3,4,5,7,1,1,,,0
1677a7da,52d89725,2026-03-07T23:45:00+00:00,1772927100,BioLLM,9oxGicd5KXNcthYM6yD23X9zcznQVnHjrAEN38fFpump,NICK,DLYbj1sz9WtgUrm4Y2PkrokmHfSrWN7nz6LE8mQjpump,-0.1062098,-0.00909870000000001,-0.0971111,1,1,1,1,1772927110,1772927110,1772927400,1772927400,1772927401,1772927403,10,10,1,3,1,1,,,0
1677a7da,7e7b5724,2026-03-08T00:00:00+00:00,1772928000,Leprecoin,C9smdbQEsoZhnNCYhqeLDNE17aMGdBjJvqzk59DCpump,Noesis,57VGZ49ne4UE6BSboqGDQpNRt4kwQpoZisDXaRpWpump,-0.0841235,-0.0398793000000001,-0.0442441999999999,1,1,1,1,1772928012,1772928012,1772928300,1772928300,1772928304,1772928304,12,12,4,4,1,1,,,0
1677a7da,c12942f7,2026-03-08T00:15:00+00:00,1772928900,BioLLM,9oxGicd5KXNcthYM6yD23X9zcznQVnHjrAEN38fFpump,SHAPE,4HhWcsfjaWYKJtjaxd4EyGSAL4Ky8C3DvqAWPHnrpump,-0.0104034000000001,-0.0443239,0.0339204999999999,1,1,1,1,1772928907,1772928907,1772929200,1772929200,1772929208,1772929209,7,7,8,9,1,1,,,0
1677a7da,db40903c,2026-03-08T00:30:00+00:00,1772929800,Noesis,57VGZ49ne4UE6BSboqGDQpNRt4kwQpoZisDXaRpWpump,Leprecoin,C9smdbQEsoZhnNCYhqeLDNE17aMGdBjJvqzk59DCpump,-0.0158928,-0.0453016,0.0294088,1,1,1,1,1772929802,1772929803,1772930100,1772930100,1772930104,1772930105,2,3,4,5,1,1,,,0
1677a7da,c5519ff9,2026-03-08T00:45:00+00:00,1772930700,PIZZA,G9ivB7K41a4G8m1k4QdxxN4L5eGKL7Mr12S26B85pump,Leprecoin,C9smdbQEsoZhnNCYhqeLDNE17aMGdBjJvqzk59DCpump,-0.00762799999999996,-0.0919285,0.0843005,1,1,1,1,1772930707,1772930708,1772931000,1772931000,1772931009,1772931010,7,8,9,10,1,1,,,0
1677a7da,2e1b2c0b,2026-03-08T01:00:00+00:00,1772931600,SCUBA,52nVoVk3BimAtvu2y9q1gnxqgR8pmjcc3v3byGnCuBa,DELULU,6RxB1KdzVMXrrYn7nQWvaGgh5e2EpbA1FcEFtq74pump,-0.0693726999999999,-0.0312981,-0.0380746,1,1,1,1,1772931603,1772931604,1772931900,1772931900,1772931905,1772931906,3,4,5,6,1,1,,,0
1677a7da,81d0b379,2026-03-08T01:15:00+00:00,1772932500,MINDVOID,9VYUuSVZGw82Nz8rcSix4x4zurBmvkfiKtyvYCY4pump,SCUBA,52nVoVk3BimAtvu2y9q1gnxqgR8pmjcc3v3byGnCuBa,-0.0572604,0.0510518,-0.1083122,1,1,1,1,1772932509,1772932509,1772932800,1772932800,1772932801,1772932801,9,9,1,1,1,1,,,1
1677a7da,e214950a,2026-03-08T01:30:00+00:00,1772933400,Doom,AukyjhMSmN5VEGjQ9npeu6Eu9X21feL1qCbZSPeJpump,BioLLM,9oxGicd5KXNcthYM6yD23X9zcznQVnHjrAEN38fFpump,0.6272897,0.0114624999999999,0.6158272,1,1,1,1,1772933406,1772933407,1772933700,1772933700,1772933708,1772933709,6,7,8,9,1,1,,,1
1677a7da,285c1d9e,2026-03-08T01:45:00+00:00,1772934300,Doom,AukyjhMSmN5VEGjQ9npeu6Eu9X21feL1qCbZSPeJpump,BioLLM,9oxGicd5KXNcthYM6yD23X9zcznQVnHjrAEN38fFpump,-0.0645548,0.0206991999999999,-0.0852539999999999,1,1,1,1,1772934312,1772934312,1772934600,1772934600,1772934603,1772934604,12,12,3,4,1,1,,,0
1677a7da,094a0e2a,2026-03-08T02:00:00+00:00,1772935200,Doom,AukyjhMSmN5VEGjQ9npeu6Eu9X21feL1qCbZSPeJpump,"Messenger ",ALWi1o3qgXp68UyyDkG9EvL1Cq4ofhLsRbDJYbMkpump,-0.1714349,-0.0517358,-0.1196991,1,1,1,1,1772935207,1772935208,1772935500,1772935500,1772935509,1772935510,7,8,9,10,1,1,,,1
1677a7da,6b00abad,2026-03-08T02:15:00+00:00,1772936100,Noesis,57VGZ49ne4UE6BSboqGDQpNRt4kwQpoZisDXaRpWpump,MINDVOID,9VYUuSVZGw82Nz8rcSix4x4zurBmvkfiKtyvYCY4pump,-0.0789028,-0.0563130000000001,-0.0225898,1,1,1,1,1772936102,1772936103,1772936400,1772936400,1772936404,1772936405,2,3,4,5,1,1,,,0
1677a7da,3f870c90,2026-03-08T02:30:00+00:00,1772937000,LOLA,7BeoEbgJepbf4mAyw4PZ48TcgrDK25kR7zexV42Apump,"Messenger ",ALWi1o3qgXp68UyyDkG9EvL1Cq4ofhLsRbDJYbMkpump,-0.0850908,-0.0565805,-0.0285103,1,1,1,1,1772937007,1772937008,1772937300,1772937300,1772937309,1772937310,7,8,9,10,1,1,,,0
1677a7da,ac0f32fc,2026-03-08T02:45:00+00:00,1772937900,LOLA,7BeoEbgJepbf4mAyw4PZ48TcgrDK25kR7zexV42Apump,DELULU,6RxB1KdzVMXrrYn7nQWvaGgh5e2EpbA1FcEFtq74pump,-0.0625471,-0.0347252,-0.0278218999999999,1,1,1,1,1772937903,1772937903,1772938200,1772938200,1772938205,1772938205,3,3,5,5,1,1,,,0
1677a7da,196ed510,2026-03-08T03:00:00+00:00,1772938800,CL1,8Upn5PyPivLhpVP7DKCP4uYXdcNxdd34jz3P9Zdbpump,LOLA,7BeoEbgJepbf4mAyw4PZ48TcgrDK25kR7zexV42Apump,-0.1149222,-0.0772412999999999,-0.0376809,1,1,1,1,1772938809,1772938809,1772939100,1772939100,1772939101,1772939101,9,9,1,1,1,1,,,0
1677a7da,e7b4ed96,2026-03-08T03:15:00+00:00,1772939700,CORVUS,CoPRYLGHc7Qadere13xSPhRvgwwStCZn9dHpBZQ7pump,"Messenger ",ALWi1o3qgXp68UyyDkG9EvL1Cq4ofhLsRbDJYbMkpump,-0.0916082,-0.0218441,-0.0697641,1,1,1,1,1772939704,1772939705,1772940000,1772940000,1772940007,1772940007,4,5,7,7,1,1,,,0
1677a7da,8e2d7748,2026-03-08T03:30:00+00:00,1772940600,CORVUS,CoPRYLGHc7Qadere13xSPhRvgwwStCZn9dHpBZQ7pump,PIZZA,G9ivB7K41a4G8m1k4QdxxN4L5eGKL7Mr12S26B85pump,-0.160078,0.00890590000000003,-0.1689839,1,1,1,1,1772940610,1772940610,1772940900,1772940900,1772940902,1772940903,10,10,2,3,1,1,,,1
1677a7da,cc6eb30b,2026-03-08T03:45:00+00:00,1772941500,CORVUS,CoPRYLGHc7Qadere13xSPhRvgwwStCZn9dHpBZQ7pump,SHAPE,4HhWcsfjaWYKJtjaxd4EyGSAL4Ky8C3DvqAWPHnrpump,-0.000665099999999965,-0.0272335,0.0265684,1,1,1,1,1772941505,1772941506,1772941800,1772941800,1772941808,1772941808,5,6,8,8,1,1,,,0
1677a7da,f51340fa,2026-03-08T04:00:00+00:00,1772942400,SKILL,FQt7749yicQ9vZ2CA8r4ghq4MCPJpsVicT8gNkAjpump,LOLA,7BeoEbgJepbf4mAyw4PZ48TcgrDK25kR7zexV42Apump,-0.0933677,-0.0362378,-0.0571299000000001,1,1,1,1,1772942412,1772942412,1772942700,1772942700,1772942703,1772942704,12,12,3,4,1,1,,,0
1677a7da,a383bf01,2026-03-08T04:15:00+00:00,1772943300,PIZZA,G9ivB7K41a4G8m1k4QdxxN4L5eGKL7Mr12S26B85pump,LOLA,7BeoEbgJepbf4mAyw4PZ48TcgrDK25kR7zexV42Apump,-0.0488886000000001,-0.0465180000000001,-0.0023706,1,1,1,1,1772943306,1772943307,1772943600,1772943600,1772943608,1772943609,6,7,8,9,1,1,,,0
1677a7da,a9eab67f,2026-03-08T04:30:00+00:00,1772944200,LOLA,7BeoEbgJepbf4mAyw4PZ48TcgrDK25kR7zexV42Apump,PIZZA,G9ivB7K41a4G8m1k4QdxxN4L5eGKL7Mr12S26B85pump,-0.0120005,-0.0453959,0.0333954000000001,1,1,1,1,1772944212,1772944212,1772944500,1772944500,1772944505,1772944506,12,12,5,6,1,1,,,0
1677a7da,8653b804,2026-03-08T04:45:00+00:00,1772945100,"Messenger ",ALWi1o3qgXp68UyyDkG9EvL1Cq4ofhLsRbDJYbMkpump,STRAWHAT,FPetCTd5WgF4MFV6NYHjZArzTrE52UrQyWFkqR19pump,-0.0370955000000001,0.0775857,-0.1146812,1,1,1,1,1772945109,1772945110,1772945400,1772945400,1772945405,1772945406,9,10,5,6,1,1,,,1
1677a7da,26fd3ae0,2026-03-08T05:00:00+00:00,1772946000,CL1,8Upn5PyPivLhpVP7DKCP4uYXdcNxdd34jz3P9Zdbpump,SHAPE,4HhWcsfjaWYKJtjaxd4EyGSAL4Ky8C3DvqAWPHnrpump,-0.00307150000000011,0.015425,-0.0184965000000001,1,1,1,1,1772946009,1772946010,1772946300,1772946300,1772946301,1772946302,9,10,1,2,1,1,,,0
1677a7da,7f26e613,2026-03-08T05:15:00+00:00,1772946900,SKILL,FQt7749yicQ9vZ2CA8r4ghq4MCPJpsVicT8gNkAjpump,STRAWHAT,FPetCTd5WgF4MFV6NYHjZArzTrE52UrQyWFkqR19pump,-0.050265,-0.0172514,-0.0330136,1,1,1,1,1772946905,1772946906,1772947200,1772947200,1772947207,1772947208,5,6,7,8,1,1,,,0
1677a7da,f3083d75,2026-03-08T05:30:00+00:00,1772947800,CL1,8Upn5PyPivLhpVP7DKCP4uYXdcNxdd34jz3P9Zdbpump,SHAPE,4HhWcsfjaWYKJtjaxd4EyGSAL4Ky8C3DvqAWPHnrpump,-0.0369864,-0.0363498,-0.000636599999999987,1,1,1,1,1772947811,1772947811,1772948100,1772948100,1772948103,1772948104,11,11,3,4,1,1,,,0
1677a7da,00cc724b,2026-03-08T05:45:00+00:00,1772948700,"Messenger ",ALWi1o3qgXp68UyyDkG9EvL1Cq4ofhLsRbDJYbMkpump,LOLA,7BeoEbgJepbf4mAyw4PZ48TcgrDK25kR7zexV42Apump,-0.0406701,-0.0415490000000001,0.000878900000000016,1,1,1,1,1772948707,1772948707,1772949000,1772949000,1772949009,1772949010,7,7,9,10,1,1,,,0
1677a7da,bb6bdbd4,2026-03-08T06:00:00+00:00,1772949600,MINDVOID,9VYUuSVZGw82Nz8rcSix4x4zurBmvkfiKtyvYCY4pump,STRAWHAT,FPetCTd5WgF4MFV6NYHjZArzTrE52UrQyWFkqR19pump,-0.0416292,-0.0575278,0.0158986,1,1,1,1,1772949604,1772949605,1772949900,1772949900,1772949906,1772949907,4,5,6,7,1,1,,,0
1677a7da,38b78949,2026-03-08T06:15:00+00:00,1772950500,PIZZA,G9ivB7K41a4G8m1k4QdxxN4L5eGKL7Mr12S26B85pump,DELULU,6RxB1KdzVMXrrYn7nQWvaGgh5e2EpbA1FcEFtq74pump,0.0466709000000001,-0.0474664,0.0941373000000001,1,1,1,1,1772950510,1772950511,1772950800,1772950800,1772950802,1772950803,10,11,2,3,1,1,,,0
1677a7da,345b11ad,2026-03-08T06:30:00+00:00,1772951400,CL1,8Upn5PyPivLhpVP7DKCP4uYXdcNxdd34jz3P9Zdbpump,SKILL,FQt7749yicQ9vZ2CA8r4ghq4MCPJpsVicT8gNkAjpump,0.0121865000000001,-0.0407236,0.0529101000000001,1,1,1,1,1772951406,1772951407,1772951700,1772951700,1772951709,1772951709,6,7,9,9,1,1,,,0
1677a7da,bb98983e,2026-03-08T06:45:00+00:00,1772952300,Forehead,8mejbHqzKhPZvZ6j3vikLrbi4GsggZ3UJrBcYdGvpump,STRAWHAT,FPetCTd5WgF4MFV6NYHjZArzTrE52UrQyWFkqR19pump,-0.1548475,-0.0773274,-0.0775201,1,1,1,1,1772952302,1772952303,1772952600,1772952600,1772952605,1772952605,2,3,5,5,1,1,,,0
1677a7da,4963fa8d,2026-03-08T07:00:00+00:00,1772953200,pedgy,EG6zP6zWJjcNz563nAjcmNQYhkwbqVbDFpRsWx11pump,STRAWHAT,FPetCTd5WgF4MFV6NYHjZArzTrE52UrQyWFkqR19pump,-0.0234536,0.0862848000000001,-0.1097384,1,1,1,1,1772953209,1772953210,1772953500,1772953500,1772953502,1772953503,9,10,2,3,1,1,,,1
1677a7da,12a274fe,2026-03-08T07:15:00+00:00,1772954100,Forehead,8mejbHqzKhPZvZ6j3vikLrbi4GsggZ3UJrBcYdGvpump,NICK,DLYbj1sz9WtgUrm4Y2PkrokmHfSrWN7nz6LE8mQjpump,0.0405163,0.0155856000000001,0.0249306999999999,1,1,1,1,1772954105,1772954106,1772954400,1772954400,1772954407,1772954408,5,6,7,8,1,1,,,0
1677a7da,5c917955,2026-03-08T07:30:00+00:00,1772955000,pedgy,EG6zP6zWJjcNz563nAjcmNQYhkwbqVbDFpRsWx11pump,BioLLM,9oxGicd5KXNcthYM6yD23X9zcznQVnHjrAEN38fFpump,-0.0384464,-0.0425269,0.00408050000000004,1,1,1,1,1772955011,1772955011,1772955300,1772955300,1772955303,1772955303,11,11,3,3,1,1,,,0
1677a7da,7527ad8d,2026-03-08T07:45:00+00:00,1772955900,PIZZA,G9ivB7K41a4G8m1k4QdxxN4L5eGKL7Mr12S26B85pump,CL1,8Upn5PyPivLhpVP7DKCP4uYXdcNxdd34jz3P9Zdbpump,-0.037505,-0.0255365,-0.0119685,1,1,1,1,1772955907,1772955907,1772956200,1772956200,1772956209,1772956209,7,7,9,9,1,1,,,0
1677a7da,a81330cb,2026-03-08T08:00:00+00:00,1772956800,Forehead,8mejbHqzKhPZvZ6j3vikLrbi4GsggZ3UJrBcYdGvpump,pedgy,EG6zP6zWJjcNz563nAjcmNQYhkwbqVbDFpRsWx11pump,0.0883883999999999,-0.0579871,0.1463755,1,1,1,1,1772956804,1772956805,1772957100,1772957100,1772957107,1772957107,4,5,7,7,1,1,,,1
1677a7da,490fd694,2026-03-08T08:15:00+00:00,1772957700,SKILL,FQt7749yicQ9vZ2CA8r4ghq4MCPJpsVicT8gNkAjpump,STRAWHAT,FPetCTd5WgF4MFV6NYHjZArzTrE52UrQyWFkqR19pump,-0.0228365,-0.0953642999999999,0.0725277999999999,1,1,1,1,1772957710,1772957711,1772958000,1772958000,1772958002,1772958003,10,11,2,3,1,1,,,0
1677a7da,ca7c332f,2026-03-08T08:30:00+00:00,1772958600,STRAWHAT,FPetCTd5WgF4MFV6NYHjZArzTrE52UrQyWFkqR19pump,"Messenger ",ALWi1o3qgXp68UyyDkG9EvL1Cq4ofhLsRbDJYbMkpump,0.0475848000000001,-0.0727261999999999,0.120311,1,1,1,1,1772958606,1772958607,1772958900,1772958900,1772958909,1772958909,6,7,9,9,1,1,,,1
1677a7da,9c070a79,2026-03-08T08:45:00+00:00,1772959500,LOLA,7BeoEbgJepbf4mAyw4PZ48TcgrDK25kR7zexV42Apump,PIZZA,G9ivB7K41a4G8m1k4QdxxN4L5eGKL7Mr12S26B85pump,0.0601274000000001,-0.00485179999999995,0.0649792,1,1,1,1,1772959503,1772959504,1772959800,1772959800,1772959806,1772959806,3,4,6,6,1,1,,,0
1677a7da,87acef57,2026-03-08T09:00:00+00:00,1772960400,BioLLM,9oxGicd5KXNcthYM6yD23X9zcznQVnHjrAEN38fFpump,Forehead,8mejbHqzKhPZvZ6j3vikLrbi4GsggZ3UJrBcYdGvpump,-0.0424785,-0.00563130000000011,-0.0368471999999999,1,1,1,1,1772960410,1772960411,1772960700,1772960700,1772960703,1772960704,10,11,3,4,1,1,,,0
1677a7da,2c9d2dd1,2026-03-08T09:15:00+00:00,1772961300,STRAWHAT,FPetCTd5WgF4MFV6NYHjZArzTrE52UrQyWFkqR19pump,NICK,DLYbj1sz9WtgUrm4Y2PkrokmHfSrWN7nz6LE8mQjpump,-0.00298690000000001,-0.0844253,0.0814384,1,1,1,1,1772961307,1772961307,1772961600,1772961600,1772961609,1772961610,7,7,9,10,1,1,,,0
1677a7da,03cc2e99,2026-03-08T09:30:00+00:00,1772962200,BioLLM,9oxGicd5KXNcthYM6yD23X9zcznQVnHjrAEN38fFpump,LOLA,7BeoEbgJepbf4mAyw4PZ48TcgrDK25kR7zexV42Apump,-0.0827766,-0.0408732,-0.0419033999999999,1,1,1,1,1772962204,1772962204,1772962500,1772962500,1772962505,1772962506,4,4,5,6,1,1,,,0
1677a7da,a7bafce3,2026-03-08T09:45:00+00:00,1772963100,SCUBA,52nVoVk3BimAtvu2y9q1gnxqgR8pmjcc3v3byGnCuBa,BioLLM,9oxGicd5KXNcthYM6yD23X9zcznQVnHjrAEN38fFpump,-0.0682526,0.0363358,-0.1045884,1,1,1,1,1772963109,1772963110,1772963400,1772963400,1772963401,1772963402,9,10,1,2,1,1,,,1
1677a7da,82738ac6,2026-03-08T10:00:00+00:00,1772964000,BioLLM,9oxGicd5KXNcthYM6yD23X9zcznQVnHjrAEN38fFpump,SCUBA,52nVoVk3BimAtvu2y9q1gnxqgR8pmjcc3v3byGnCuBa,0.0688092,-0.0539627,0.1227719,1,1,1,1,1772964007,1772964007,1772964300,1772964300,1772964309,1772964309,7,7,9,9,1,1,,,1
1677a7da,98a649b1,2026-03-08T10:15:00+00:00,1772964900,NICK,DLYbj1sz9WtgUrm4Y2PkrokmHfSrWN7nz6LE8mQjpump,SCUBA,52nVoVk3BimAtvu2y9q1gnxqgR8pmjcc3v3byGnCuBa,-0.0772914999999999,0.0747004,-0.1519919,1,1,1,1,1772964903,1772964903,1772965200,1772965200,1772965205,1772965206,3,3,5,6,1,1,,,1
1677a7da,bbf8460a,2026-03-08T10:30:00+00:00,1772965800,Forehead,8mejbHqzKhPZvZ6j3vikLrbi4GsggZ3UJrBcYdGvpump,FINDER,HpceJG5ErFDgVKvDrLt8TUyyaGinBdzgJoi81J96pump,-0.0029304000000001,-0.0595798,0.0566493999999998,1,1,1,1,1772965809,1772965809,1772966100,1772966100,1772966101,1772966101,9,9,1,1,1,1,,,0
1677a7da,d3d5a3c4,2026-03-08T10:45:00+00:00,1772966700,"Messenger ",ALWi1o3qgXp68UyyDkG9EvL1Cq4ofhLsRbDJYbMkpump,STRAWHAT,FPetCTd5WgF4MFV6NYHjZArzTrE52UrQyWFkqR19pump,-2.27999999999808e-05,-0.0353747,0.0353519,1,1,1,1,1772966705,1772966705,1772967000,1772967000,1772967007,1772967007,5,5,7,7,1,1,,,0
1677a7da,6e49b290,2026-03-08T11:00:00+00:00,1772967600,"Messenger ",ALWi1o3qgXp68UyyDkG9EvL1Cq4ofhLsRbDJYbMkpump,SKILL,FQt7749yicQ9vZ2CA8r4ghq4MCPJpsVicT8gNkAjpump,0.1058998,-0.0429605,0.1488603,1,1,1,1,1772967611,1772967611,1772967900,1772967900,1772967903,1772967904,11,11,3,4,1,1,,,1
1677a7da,91726470,2026-03-08T11:15:00+00:00,1772968500,Forehead,8mejbHqzKhPZvZ6j3vikLrbi4GsggZ3UJrBcYdGvpump,STRAWHAT,FPetCTd5WgF4MFV6NYHjZArzTrE52UrQyWFkqR19pump,-0.0496746,-0.1456833,0.0960086999999999,1,1,1,1,1772968507,1772968507,1772968800,1772968800,1772968809,1772968810,7,7,9,10,1,1,,,0
1677a7da,85a0b315,2026-03-08T11:30:00+00:00,1772969400,NICK,DLYbj1sz9WtgUrm4Y2PkrokmHfSrWN7nz6LE8mQjpump,FINDER,HpceJG5ErFDgVKvDrLt8TUyyaGinBdzgJoi81J96pump,0.1933924,-0.0676445,0.2610369,1,1,1,1,1772969405,1772969405,1772969700,1772969700,1772969707,1772969708,5,5,7,8,1,1,,,1
1677a7da,531c7dbe,2026-03-08T11:45:00+00:00,1772970300,BioLLM,9oxGicd5KXNcthYM6yD23X9zcznQVnHjrAEN38fFpump,CL1,8Upn5PyPivLhpVP7DKCP4uYXdcNxdd34jz3P9Zdbpump,-0.0470898,-0.0123679,-0.0347219,1,1,1,1,1772970311,1772970311,1772970600,1772970600,1772970603,1772970604,11,11,3,4,1,1,,,0
1677a7da,55a0023e,2026-03-08T12:00:00+00:00,1772971200,pedgy,EG6zP6zWJjcNz563nAjcmNQYhkwbqVbDFpRsWx11pump,DELULU,6RxB1KdzVMXrrYn7nQWvaGgh5e2EpbA1FcEFtq74pump,-0.1123666,-0.0495213,-0.0628453,1,1,1,1,1772971208,1772971209,1772971500,1772971500,1772971500,1772971501,8,9,0,1,1,1,,,0
1677a7da,034ac118,2026-03-08T12:15:00+00:00,1772972100,FINDER,HpceJG5ErFDgVKvDrLt8TUyyaGinBdzgJoi81J96pump,Forehead,8mejbHqzKhPZvZ6j3vikLrbi4GsggZ3UJrBcYdGvpump,-0.0893902,-0.0258741,-0.0635161,1,1,1,1,1772972104,1772972105,1772972400,1772972400,1772972407,1772972407,4,5,7,7,1,1,,,0
1677a7da,4354bf3c,2026-03-08T12:30:00+00:00,1772973000,FINDER,HpceJG5ErFDgVKvDrLt8TUyyaGinBdzgJoi81J96pump,LOLA,7BeoEbgJepbf4mAyw4PZ48TcgrDK25kR7zexV42Apump,-0.1330208,-0.0144059,-0.1186149,1,1,1,1,1772973010,1772973011,1772973300,1772973300,1772973303,1772973304,10,11,3,4,1,1,,,1
1677a7da,2097c3b3,2026-03-08T12:45:00+00:00,1772973900,SCUBA,52nVoVk3BimAtvu2y9q1gnxqgR8pmjcc3v3byGnCuBa,Forehead,8mejbHqzKhPZvZ6j3vikLrbi4GsggZ3UJrBcYdGvpump,-0.0342214,-0.0697626999999999,0.0355413,1,1,1,1,1772973907,1772973908,1772974200,1772974200,1772974209,1772974211,7,8,9,11,1,1,,,0
1677a7da,c85ccec8,2026-03-08T13:00:00+00:00,1772974800,BioLLM,9oxGicd5KXNcthYM6yD23X9zcznQVnHjrAEN38fFpump,CL1,8Upn5PyPivLhpVP7DKCP4uYXdcNxdd34jz3P9Zdbpump,-0.0548142,-0.0426431,-0.0121711,1,1,1,1,1772974806,1772974806,1772975100,1772975100,1772975108,1772975109,6,6,8,9,1,1,,,0
1677a7da,a79780ba,2026-03-08T13:15:00+00:00,1772975700,DELULU,6RxB1KdzVMXrrYn7nQWvaGgh5e2EpbA1FcEFtq74pump,NICK,DLYbj1sz9WtgUrm4Y2PkrokmHfSrWN7nz6LE8mQjpump,-0.0812793,-0.044405,-0.0368743,1,1,1,1,1772975713,1772975713,1772976000,1772976000,1772976005,1772976005,13,13,5,5,1,1,,,0
1677a7da,cf98a638,2026-03-08T13:30:00+00:00,1772976600,pedgy,EG6zP6zWJjcNz563nAjcmNQYhkwbqVbDFpRsWx11pump,Forehead,8mejbHqzKhPZvZ6j3vikLrbi4GsggZ3UJrBcYdGvpump,0.0119338,-0.0015349,0.0134687,1,1,1,1,1772976610,1772976610,1772976900,1772976900,1772976902,1772976904,10,10,2,4,1,1,,,0
1677a7da,e9cf30e2,2026-03-08T13:45:00+00:00,1772977500,DELULU,6RxB1KdzVMXrrYn7nQWvaGgh5e2EpbA1FcEFtq74pump,abcdefg,89S7oVB4hui8ceJqhHreWB7fcxdthfvoB7z2pfJtpump,-0.0668615,-0.1114638,0.0446023,1,1,1,1,1772977507,1772977507,1772977800,1772977800,1772977809,1772977810,7,7,9,10,1,1,,,0
1677a7da,3830afac,2026-03-08T14:00:00+00:00,1772978400,BioLLM,9oxGicd5KXNcthYM6yD23X9zcznQVnHjrAEN38fFpump,pedgy,EG6zP6zWJjcNz563nAjcmNQYhkwbqVbDFpRsWx11pump,-0.1521799,-0.0822575,-0.0699224000000001,1,1,1,1,1772978405,1772978405,1772978700,1772978700,1772978707,1772978708,5,5,7,8,1,1,,,0
1677a7da,c6cba766,2026-03-08T14:15:00+00:00,1772979300,BioLLM,9oxGicd5KXNcthYM6yD23X9zcznQVnHjrAEN38fFpump,NICK,DLYbj1sz9WtgUrm4Y2PkrokmHfSrWN7nz6LE8mQjpump,0.0194573,-0.0505704,0.0700277,1,1,1,1,1772979311,1772979312,1772979600,1772979600,1772979604,1772979605,11,12,4,5,1,1,,,0
1677a7da,fb059f74,2026-03-08T14:30:00+00:00,1772980200,NICK,DLYbj1sz9WtgUrm4Y2PkrokmHfSrWN7nz6LE8mQjpump,Forehead,8mejbHqzKhPZvZ6j3vikLrbi4GsggZ3UJrBcYdGvpump,-0.033649,-0.0074232999999999,-0.0262257000000001,1,1,1,1,1772980208,1772980209,1772980500,1772980500,1772980500,1772980502,8,9,0,2,1,1,,,0
1677a7da,084082d2,2026-03-08T14:45:00+00:00,1772981100,NICK,DLYbj1sz9WtgUrm4Y2PkrokmHfSrWN7nz6LE8mQjpump,Forehead,8mejbHqzKhPZvZ6j3vikLrbi4GsggZ3UJrBcYdGvpump,-0.0710711,-0.0412782,-0.0297929,1,1,1,1,1772981106,1772981106,1772981400,1772981400,1772981408,1772981409,6,6,8,9,1,1,,,0
1677a7da,c6cbd5cf,2026-03-08T15:00:00+00:00,1772982000,LOLA,7BeoEbgJepbf4mAyw4PZ48TcgrDK25kR7zexV42Apump,NICK,DLYbj1sz9WtgUrm4Y2PkrokmHfSrWN7nz6LE8mQjpump,-0.0231047,-0.040727,0.0176223,1,1,1,1,1772982014,1772982014,1772982300,1772982300,1772982306,1772982307,14,14,6,7,1,1,,,0
1677a7da,316cd145,2026-03-08T15:15:00+00:00,1772982900,STRAWHAT,FPetCTd5WgF4MFV6NYHjZArzTrE52UrQyWFkqR19pump,Forehead,8mejbHqzKhPZvZ6j3vikLrbi4GsggZ3UJrBcYdGvpump,-0.080991,-0.1802231,0.0992320999999999,1,1,1,1,1772982910,1772982910,1772983200,1772983200,1772983202,1772983203,10,10,2,3,1,1,,,0
1677a7da,d6227653,2026-03-08T15:30:00+00:00,1772983800,pedgy,EG6zP6zWJjcNz563nAjcmNQYhkwbqVbDFpRsWx11pump,Forehead,8mejbHqzKhPZvZ6j3vikLrbi4GsggZ3UJrBcYdGvpump,0.00866309999999993,-0.0339104999999999,0.0425735999999999,1,1,1,1,1772983807,1772983807,1772984100,1772984100,1772984109,1772984110,7,7,9,10,1,1,,,0
1677a7da,d00ea91d,2026-03-08T15:45:00+00:00,1772984700,abcdefg,89S7oVB4hui8ceJqhHreWB7fcxdthfvoB7z2pfJtpump,Forehead,8mejbHqzKhPZvZ6j3vikLrbi4GsggZ3UJrBcYdGvpump,0.0415376999999999,-0.00921510000000002,0.0507527999999999,1,1,1,1,1772984704,1772984704,1772985000,1772985000,1772985006,1772985007,4,4,6,7,1,1,,,0
1677a7da,f3a65260,2026-03-08T16:00:00+00:00,1772985600,pedgy,EG6zP6zWJjcNz563nAjcmNQYhkwbqVbDFpRsWx11pump,DELULU,6RxB1KdzVMXrrYn7nQWvaGgh5e2EpbA1FcEFtq74pump,0.0082500000000001,-0.0334463,0.0416963000000001,1,1,1,1,1772985613,1772985613,1772985900,1772985900,1772985905,1772985906,13,13,5,6,1,1,,,0
1677a7da,b7e6e761,2026-03-08T16:15:00+00:00,1772986500,abcdefg,89S7oVB4hui8ceJqhHreWB7fcxdthfvoB7z2pfJtpump,pedgy,EG6zP6zWJjcNz563nAjcmNQYhkwbqVbDFpRsWx11pump,-0.0020042,-0.0489461,0.0469419,1,1,1,1,1772986509,1772986510,1772986800,1772986800,1772986801,1772986803,9,10,1,3,1,1,,,0
1677a7da,6aff4bfc,2026-03-08T16:30:00+00:00,1772987400,Forehead,8mejbHqzKhPZvZ6j3vikLrbi4GsggZ3UJrBcYdGvpump,abcdefg,89S7oVB4hui8ceJqhHreWB7fcxdthfvoB7z2pfJtpump,-0.0610327,-0.0258271,-0.0352056000000001,1,1,1,1,1772987406,1772987407,1772987700,1772987700,1772987708,1772987709,6,7,8,9,1,1,,,0
1677a7da,a48feceb,2026-03-08T16:45:00+00:00,1772988300,abcdefg,89S7oVB4hui8ceJqhHreWB7fcxdthfvoB7z2pfJtpump,Forehead,8mejbHqzKhPZvZ6j3vikLrbi4GsggZ3UJrBcYdGvpump,-0.0176252999999999,-0.0388962,0.0212709000000001,1,1,1,1,1772988303,1772988304,1772988600,1772988600,1772988606,1772988607,3,4,6,7,1,1,,,0
1677a7da,ce092ccf,2026-03-08T17:00:00+00:00,1772989200,SCUBA,52nVoVk3BimAtvu2y9q1gnxqgR8pmjcc3v3byGnCuBa,DELULU,6RxB1KdzVMXrrYn7nQWvaGgh5e2EpbA1FcEFtq74pump,-0.0549434,0.0896607000000001,-0.1446041,1,1,1,1,1772989211,1772989212,1772989500,1772989500,1772989504,1772989505,11,12,4,5,1,1,,,1
1677a7da,f0f23813,2026-03-08T17:15:00+00:00,1772990100,Forehead,8mejbHqzKhPZvZ6j3vikLrbi4GsggZ3UJrBcYdGvpump,DELULU,6RxB1KdzVMXrrYn7nQWvaGgh5e2EpbA1FcEFtq74pump,-0.018138,-0.000530200000000028,-0.0176078,1,1,1,1,1772990108,1772990108,1772990400,1772990400,1772990400,1772990402,8,8,0,2,1,1,,,0
1677a7da,75efef4e,2026-03-08T17:30:00+00:00,1772991000,SCUBA,52nVoVk3BimAtvu2y9q1gnxqgR8pmjcc3v3byGnCuBa,pedgy,EG6zP6zWJjcNz563nAjcmNQYhkwbqVbDFpRsWx11pump,-0.0249522,-0.00190329999999993,-0.0230489,1,1,1,1,1772991005,1772991006,1772991300,1772991300,1772991308,1772991309,5,6,8,9,1,1,,,0
1677a7da,32e61422,2026-03-08T17:45:00+00:00,1772991900,pedgy,EG6zP6zWJjcNz563nAjcmNQYhkwbqVbDFpRsWx11pump,LOLA,7BeoEbgJepbf4mAyw4PZ48TcgrDK25kR7zexV42Apump,-0.0117829,0.0820767,-0.0938596,1,1,1,1,1772991903,1772991904,1772992200,1772992200,1772992206,1772992207,3,4,6,7,1,1,,,0
1677a7da,6483ed3b,2026-03-08T18:00:00+00:00,1772992800,pedgy,EG6zP6zWJjcNz563nAjcmNQYhkwbqVbDFpRsWx11pump,DELULU,6RxB1KdzVMXrrYn7nQWvaGgh5e2EpbA1FcEFtq74pump,0.0156415999999999,-0.1248989,0.1405405,1,1,1,1,1772992813,1772992813,1772993100,1772993100,1772993105,1772993106,13,13,5,6,1,1,,,1
1677a7da,8ebffcc9,2026-03-08T18:15:00+00:00,1772993700,SCUBA,52nVoVk3BimAtvu2y9q1gnxqgR8pmjcc3v3byGnCuBa,DELULU,6RxB1KdzVMXrrYn7nQWvaGgh5e2EpbA1FcEFtq74pump,-0.00378319999999998,-0.0337969,0.0300137,1,1,1,1,1772993709,1772993710,1772994000,1772994000,1772994001,1772994003,9,10,1,3,1,1,,,0
1677a7da,832fb500,2026-03-08T18:30:00+00:00,1772994600,pedgy,EG6zP6zWJjcNz563nAjcmNQYhkwbqVbDFpRsWx11pump,Forehead,8mejbHqzKhPZvZ6j3vikLrbi4GsggZ3UJrBcYdGvpump,0.00194500000000009,-0.000564699999999965,0.00250970000000006,1,1,1,1,1772994607,1772994607,1772994900,1772994900,1772994909,1772994911,7,7,9,11,1,1,,,0
1677a7da,aaf0443d,2026-03-08T18:45:00+00:00,1772995500,FINDER,HpceJG5ErFDgVKvDrLt8TUyyaGinBdzgJoi81J96pump,LOLA,7BeoEbgJepbf4mAyw4PZ48TcgrDK25kR7zexV42Apump,0.0586215999999999,-0.0258622000000001,0.0844838,1,1,1,1,1772995505,1772995505,1772995800,1772995800,1772995807,1772995808,5,5,7,8,1,1,,,0
1677a7da,530d1b81,2026-03-08T19:00:00+00:00,1772996400,abcdefg,89S7oVB4hui8ceJqhHreWB7fcxdthfvoB7z2pfJtpump,Dust,38JepT8P7N1AUS996QRqNLAewiPvFoNWxrPY7DR2pump,-0.0337547,-0.1472747,0.11352,1,1,1,1,1772996413,1772996413,1772996700,1772996700,1772996705,1772996706,13,13,5,6,1,1,,,1
1677a7da,ce76c45b,2026-03-08T19:15:00+00:00,1772997300,Forehead,8mejbHqzKhPZvZ6j3vikLrbi4GsggZ3UJrBcYdGvpump,FINDER,HpceJG5ErFDgVKvDrLt8TUyyaGinBdzgJoi81J96pump,-0.052692,-0.0466642,-0.00602779999999992,1,1,1,1,1772997310,1772997310,1772997600,1772997600,1772997602,1772997603,10,10,2,3,1,1,,,0
1677a7da,f740a8c1,2026-03-08T19:30:00+00:00,1772998200,Dust,38JepT8P7N1AUS996QRqNLAewiPvFoNWxrPY7DR2pump,pedgy,EG6zP6zWJjcNz563nAjcmNQYhkwbqVbDFpRsWx11pump,-0.1407981,-0.1402851,-0.000512999999999986,1,1,1,1,1772998207,1772998207,1772998500,1772998500,1772998509,1772998510,7,7,9,10,1,1,,,0
1677a7da,09754175,2026-03-08T19:45:00+00:00,1772999100,Dust,38JepT8P7N1AUS996QRqNLAewiPvFoNWxrPY7DR2pump,abcdefg,89S7oVB4hui8ceJqhHreWB7fcxdthfvoB7z2pfJtpump,0.0108088,-0.0895709999999999,0.1003798,1,1,1,1,1772999103,1772999104,1772999400,1772999400,1772999406,1772999407,3,4,6,7,1,1,,,1
1677a7da,73aa35e0,2026-03-08T20:00:00+00:00,1773000000,Doom,AukyjhMSmN5VEGjQ9npeu6Eu9X21feL1qCbZSPeJpump,abcdefg,89S7oVB4hui8ceJqhHreWB7fcxdthfvoB7z2pfJtpump,0.00890400000000003,-0.0144128,0.0233168,1,1,1,1,1773000012,1773000012,1773000300,1773000300,1773000304,1773000305,12,12,4,5,1,1,,,0
1677a7da,a7dbb606,2026-03-08T20:15:00+00:00,1773000900,Doom,AukyjhMSmN5VEGjQ9npeu6Eu9X21feL1qCbZSPeJpump,pedgy,EG6zP6zWJjcNz563nAjcmNQYhkwbqVbDFpRsWx11pump,-0.0547085,-0.0407553,-0.0139532,1,1,1,1,1773000908,1773000908,1773001200,1773001200,1773001200,1773001201,8,8,0,1,1,1,,,0
1677a7da,14fea8c5,2026-03-08T20:30:00+00:00,1773001800,pedgy,EG6zP6zWJjcNz563nAjcmNQYhkwbqVbDFpRsWx11pump,Dust,38JepT8P7N1AUS996QRqNLAewiPvFoNWxrPY7DR2pump,-0.0951792,-0.0367897,-0.0583895,1,1,1,1,1773001805,1773001805,1773002100,1773002100,1773002107,1773002108,5,5,7,8,1,1,,,0
1677a7da,5933fc05,2026-03-08T20:45:00+00:00,1773002700,FMC,FXDXLCWYMXmhhMypVxGHCC2sHA8n9d2fHhePViAYpump,Forehead,8mejbHqzKhPZvZ6j3vikLrbi4GsggZ3UJrBcYdGvpump,-0.0874059,-0.0395047000000001,-0.0479012,1,1,1,1,1773002711,1773002711,1773003000,1773003000,1773003003,1773003004,11,11,3,4,1,1,,,0
1677a7da,f77e52cb,2026-03-08T21:00:00+00:00,1773003600,Forehead,8mejbHqzKhPZvZ6j3vikLrbi4GsggZ3UJrBcYdGvpump,pedgy,EG6zP6zWJjcNz563nAjcmNQYhkwbqVbDFpRsWx11pump,-0.0567828,-0.0612376,0.00445479999999998,1,1,1,1,1773003608,1773003609,1773003900,1773003900,1773003900,1773003902,8,9,0,2,1,1,,,0
1677a7da,428f4954,2026-03-08T21:15:00+00:00,1773004500,FMC,FXDXLCWYMXmhhMypVxGHCC2sHA8n9d2fHhePViAYpump,abcdefg,89S7oVB4hui8ceJqhHreWB7fcxdthfvoB7z2pfJtpump,-0.069834,-0.0779745,0.00814049999999999,1,1,1,1,1773004505,1773004506,1773004800,1773004800,1773004807,1773004808,5,6,7,8,1,1,,,0
1677a7da,7a86d926,2026-03-08T21:30:00+00:00,1773005400,abcdefg,89S7oVB4hui8ceJqhHreWB7fcxdthfvoB7z2pfJtpump,pedgy,EG6zP6zWJjcNz563nAjcmNQYhkwbqVbDFpRsWx11pump,0.0333135,0.0010306,0.0322829,1,1,1,1,1773005413,1773005413,1773005700,1773005700,1773005705,1773005706,13,13,5,6,1,1,,,0
1677a7da,810e4d7f,2026-03-08T21:45:00+00:00,1773006300,FINDER,HpceJG5ErFDgVKvDrLt8TUyyaGinBdzgJoi81J96pump,pedgy,EG6zP6zWJjcNz563nAjcmNQYhkwbqVbDFpRsWx11pump,-0.1946608,-0.0303918,-0.164269,1,1,1,1,1773006309,1773006310,1773006600,1773006600,1773006601,1773006602,9,10,1,2,1,1,,,1
1677a7da,bcd50ec1,2026-03-08T22:00:00+00:00,1773007200,FMC,FXDXLCWYMXmhhMypVxGHCC2sHA8n9d2fHhePViAYpump,FINDER,HpceJG5ErFDgVKvDrLt8TUyyaGinBdzgJoi81J96pump,0.0178118000000001,-0.0570876,0.0748994000000001,1,1,1,1,1773007207,1773007207,1773007500,1773007500,1773007509,1773007510,7,7,9,10,1,1,,,0
1677a7da,dac416f2,2026-03-08T22:15:00+00:00,1773008100,FINDER,HpceJG5ErFDgVKvDrLt8TUyyaGinBdzgJoi81J96pump,FMC,FXDXLCWYMXmhhMypVxGHCC2sHA8n9d2fHhePViAYpump,-0.0666759,-0.1165754,0.0498995,1,1,1,1,1773008103,1773008104,1773008400,1773008400,1773008405,1773008406,3,4,5,6,1,1,,,0
1677a7da,ca647dc4,2026-03-08T22:30:00+00:00,1773009000,FMC,FXDXLCWYMXmhhMypVxGHCC2sHA8n9d2fHhePViAYpump,Dust,38JepT8P7N1AUS996QRqNLAewiPvFoNWxrPY7DR2pump,-0.0713538,-0.062277,-0.00907679999999999,1,1,1,1,1773009010,1773009010,1773009300,1773009300,1773009302,1773009303,10,10,2,3,1,1,,,0
1677a7da,9d881a44,2026-03-08T22:45:00+00:00,1773009900,LOLA,7BeoEbgJepbf4mAyw4PZ48TcgrDK25kR7zexV42Apump,Leprecoin,C9smdbQEsoZhnNCYhqeLDNE17aMGdBjJvqzk59DCpump,-0.0314225,0.0687826,-0.1002051,1,1,1,1,1773009907,1773009907,1773010200,1773010200,1773010208,1773010209,7,7,8,9,1,1,,,1
1677a7da,c9013d1f,2026-03-08T23:00:00+00:00,1773010800,Dust,38JepT8P7N1AUS996QRqNLAewiPvFoNWxrPY7DR2pump,abcdefg,89S7oVB4hui8ceJqhHreWB7fcxdthfvoB7z2pfJtpump,-0.0792977,0.000690499999999936,-0.0799882,1,1,1,1,1773010805,1773010805,1773011100,1773011100,1773011107,1773011108,5,5,7,8,1,1,,,0
1677a7da,ab7ba133,2026-03-08T23:15:00+00:00,1773011700,Dust,38JepT8P7N1AUS996QRqNLAewiPvFoNWxrPY7DR2pump,abcdefg,89S7oVB4hui8ceJqhHreWB7fcxdthfvoB7z2pfJtpump,-0.0100565,-0.0292669,0.0192104,1,1,1,1,1773011711,1773011712,1773012000,1773012000,1773012003,1773012004,11,12,3,4,1,1,,,0
1677a7da,2f96b549,2026-03-08T23:30:00+00:00,1773012600,WhiteHouse,7oXNE1dbpHUp6dn1JF8pRgCtzfCy4P2FuBneWjZHpump,pedgy,EG6zP6zWJjcNz563nAjcmNQYhkwbqVbDFpRsWx11pump,-0.0137821,-0.0372057,0.0234236,1,1,1,1,1773012607,1773012608,1773012900,1773012900,1773012909,1773012910,7,8,9,10,1,1,,,0
1677a7da,3cf9c8a0,2026-03-08T23:45:00+00:00,1773013500,FMC,FXDXLCWYMXmhhMypVxGHCC2sHA8n9d2fHhePViAYpump,abcdefg,89S7oVB4hui8ceJqhHreWB7fcxdthfvoB7z2pfJtpump,-0.00106380000000005,-0.0927183,0.0916545,1,1,1,1,1773013504,1773013504,1773013800,1773013800,1773013806,1773013807,4,4,6,7,1,1,,,0
1677a7da,4d1dc625,2026-03-09T00:00:00+00:00,1773014400,pedgy,EG6zP6zWJjcNz563nAjcmNQYhkwbqVbDFpRsWx11pump,LOLA,7BeoEbgJepbf4mAyw4PZ48TcgrDK25kR7zexV42Apump,-0.0500373000000001,-0.0433567,-0.00668060000000004,1,1,1,1,1773014413,1773014413,1773014700,1773014700,1773014705,1773014706,13,13,5,6,1,1,,,0
1677a7da,a6f904aa,2026-03-09T00:15:00+00:00,1773015300,FMC,FXDXLCWYMXmhhMypVxGHCC2sHA8n9d2fHhePViAYpump,abcdefg,89S7oVB4hui8ceJqhHreWB7fcxdthfvoB7z2pfJtpump,-0.0590204,-0.1039652,0.0449448,1,1,1,1,1773015309,1773015309,1773015600,1773015600,1773015601,1773015602,9,9,1,2,1,1,,,0
1677a7da,8ca06d02,2026-03-09T00:30:00+00:00,1773016200,pedgy,EG6zP6zWJjcNz563nAjcmNQYhkwbqVbDFpRsWx11pump,FINDER,HpceJG5ErFDgVKvDrLt8TUyyaGinBdzgJoi81J96pump,-0.00256190000000011,-0.0517583,0.0491963999999999,1,1,1,1,1773016205,1773016205,1773016500,1773016500,1773016507,1773016508,5,5,7,8,1,1,,,0
1677a7da,44b5b95c,2026-03-09T00:45:00+00:00,1773017100,XPD,26HijyQRPisA96er6xWLh32TSMAHLvivTnmcmu7bpump,abcdefg,89S7oVB4hui8ceJqhHreWB7fcxdthfvoB7z2pfJtpump,-0.1028318,-0.00407369999999995,-0.0987581000000001,1,1,1,1,1773017110,1773017111,1773017400,1773017400,1773017402,1773017403,10,11,2,3,1,1,,,0
1677a7da,a35df647,2026-03-09T01:00:00+00:00,1773018000,BioLLM,9oxGicd5KXNcthYM6yD23X9zcznQVnHjrAEN38fFpump,SHAPE,4HhWcsfjaWYKJtjaxd4EyGSAL4Ky8C3DvqAWPHnrpump,-0.0338474,-0.0675974,0.0337500000000001,1,1,1,1,1773018008,1773018008,1773018300,1773018300,1773018300,1773018301,8,8,0,1,1,1,,,0
1677a7da,69584bd8,2026-03-09T01:15:00+00:00,1773018900,WhiteHouse,7oXNE1dbpHUp6dn1JF8pRgCtzfCy4P2FuBneWjZHpump,SHAPE,4HhWcsfjaWYKJtjaxd4EyGSAL4Ky8C3DvqAWPHnrpump,-9.83999999999343e-05,-0.0329766,0.0328782000000001,1,1,1,1,1773018904,1773018904,1773019200,1773019200,1773019206,1773019206,4,4,6,6,1,1,,,0
1677a7da,90b32089,2026-03-09T01:30:00+00:00,1773019800,abcdefg,89S7oVB4hui8ceJqhHreWB7fcxdthfvoB7z2pfJtpump,FMC,FXDXLCWYMXmhhMypVxGHCC2sHA8n9d2fHhePViAYpump,-0.0301641,0.0304955,-0.0606596,1,1,1,1,1773019809,1773019810,1773020100,1773020100,1773020101,1773020102,9,10,1,2,1,1,,,0
1677a7da,813db933,2026-03-09T01:45:00+00:00,1773020700,SHAPE,4HhWcsfjaWYKJtjaxd4EyGSAL4Ky8C3DvqAWPHnrpump,BioLLM,9oxGicd5KXNcthYM6yD23X9zcznQVnHjrAEN38fFpump,-0.0268367,-0.0290380999999999,0.00220139999999991,1,1,1,1,1773020705,1773020706,1773021000,1773021000,1773021007,1773021008,5,6,7,8,1,1,,,0
1677a7da,bd37f6f5,2026-03-09T02:00:00+00:00,1773021600,FMC,FXDXLCWYMXmhhMypVxGHCC2sHA8n9d2fHhePViAYpump,abcdefg,89S7oVB4hui8ceJqhHreWB7fcxdthfvoB7z2pfJtpump,-0.0139902000000001,-0.0350606,0.0210703999999999,1,1,1,1,1773021612,1773021613,1773021900,1773021900,1773021905,1773021905,12,13,5,5,1,1,,,0
1677a7da,c9b3ed1e,2026-03-09T02:15:00+00:00,1773022500,FMC,FXDXLCWYMXmhhMypVxGHCC2sHA8n9d2fHhePViAYpump,Dust,38JepT8P7N1AUS996QRqNLAewiPvFoNWxrPY7DR2pump,-0.1680374,-0.019082,-0.1489554,1,1,1,1,1773022508,1773022509,1773022800,1773022800,1773022800,1773022801,8,9,0,1,1,1,,,1
1677a7da,016d47b7,2026-03-09T02:30:00+00:00,1773023400,abcdefg,89S7oVB4hui8ceJqhHreWB7fcxdthfvoB7z2pfJtpump,FMC,FXDXLCWYMXmhhMypVxGHCC2sHA8n9d2fHhePViAYpump,-0.0339146,-0.0665035,0.0325889,1,1,1,1,1773023405,1773023405,1773023700,1773023700,1773023707,1773023708,5,5,7,8,1,1,,,0
1677a7da,b5edbc9f,2026-03-09T02:45:00+00:00,1773024300,SHAPE,4HhWcsfjaWYKJtjaxd4EyGSAL4Ky8C3DvqAWPHnrpump,Dust,38JepT8P7N1AUS996QRqNLAewiPvFoNWxrPY7DR2pump,-0.0189651,-0.0280031000000001,0.0090380000000001,1,1,1,1,1773024311,1773024311,1773024600,1773024600,1773024603,1773024603,11,11,3,3,1,1,,,0
1677a7da,15c5420a,2026-03-09T03:00:00+00:00,1773025200,SCUBA,52nVoVk3BimAtvu2y9q1gnxqgR8pmjcc3v3byGnCuBa,LOLA,7BeoEbgJepbf4mAyw4PZ48TcgrDK25kR7zexV42Apump,-0.0955145,-0.0302905,-0.0652240000000001,1,1,1,1,1773025208,1773025208,1773025500,1773025500,1773025500,1773025500,8,8,0,0,1,1,,,0
1677a7da,95360ba6,2026-03-09T03:15:00+00:00,1773026100,FMC,FXDXLCWYMXmhhMypVxGHCC2sHA8n9d2fHhePViAYpump,abcdefg,89S7oVB4hui8ceJqhHreWB7fcxdthfvoB7z2pfJtpump,-0.1115488,-0.0158975,-0.0956513,1,1,1,1,1773026104,1773026105,1773026400,1773026400,1773026406,1773026407,4,5,6,7,1,1,,,0
1677a7da,fd1326ab,2026-03-09T03:30:00+00:00,1773027000,Forehead,8mejbHqzKhPZvZ6j3vikLrbi4GsggZ3UJrBcYdGvpump,pedgy,EG6zP6zWJjcNz563nAjcmNQYhkwbqVbDFpRsWx11pump,-0.0880149999999999,-0.0311924999999999,-0.0568225,1,1,1,1,1773027010,1773027010,1773027300,1773027300,1773027303,1773027305,10,10,3,5,1,1,,,0
1677a7da,98a61af1,2026-03-09T03:45:00+00:00,1773027900,SCUBA,52nVoVk3BimAtvu2y9q1gnxqgR8pmjcc3v3byGnCuBa,abcdefg,89S7oVB4hui8ceJqhHreWB7fcxdthfvoB7z2pfJtpump,-0.0450095,-0.00158860000000004,-0.0434209,1,1,1,1,1773027909,1773027910,1773028200,1773028200,1773028201,1773028203,9,10,1,3,1,1,,,0
1677a7da,b931fa29,2026-03-09T04:00:00+00:00,1773028800,abcdefg,89S7oVB4hui8ceJqhHreWB7fcxdthfvoB7z2pfJtpump,pedgy,EG6zP6zWJjcNz563nAjcmNQYhkwbqVbDFpRsWx11pump,-0.0735769,-0.1491095,0.0755326,1,1,1,1,1773028809,1773028810,1773029100,1773029100,1773029101,1773029102,9,10,1,2,1,1,,,0
1677a7da,a8b1ac0b,2026-03-09T04:15:00+00:00,1773029700,abcdefg,89S7oVB4hui8ceJqhHreWB7fcxdthfvoB7z2pfJtpump,FMC,FXDXLCWYMXmhhMypVxGHCC2sHA8n9d2fHhePViAYpump,-0.0289611,0.0114098,-0.0403709,1,1,1,1,1773029705,1773029706,1773030000,1773030000,1773030007,1773030008,5,6,7,8,1,1,,,0
