event_id,event_class,asset,random_date,raw_1d,net_1d_optimistic,net_1d_base,net_1d_conservative,net_1d_stress,raw_3d,net_3d_optimistic,net_3d_base,net_3d_conservative,net_3d_stress,raw_7d,net_7d_optimistic,net_7d_base,net_7d_conservative,net_7d_stress
SC-001,SUPPLY_CHANGE,JUP,2026-03-04,-0.024999948461965626,-0.025999948461965627,-0.027499948461965625,-0.029999948461965627,-0.03499994846196563,-0.0999999757468073,-0.1009999757468073,-0.1024999757468073,-0.1049999757468073,-0.1099999757468073,-0.05416665605589488,-0.05516665605589488,-0.05666665605589488,-0.05916665605589488,-0.06416665605589487
SC-001,SUPPLY_CHANGE,JUP,2025-10-20,-0.020105788884443032,-0.021105788884443033,-0.02260578888444303,-0.025105788884443033,-0.030105788884443034,-0.11534387239007926,-0.11634387239007926,-0.11784387239007926,-0.12034387239007927,-0.12534387239007927,0.002116418281123522,0.0011164182811235221,-0.0003835817188764779,-0.002883581718876478,-0.007883581718876478
SC-001,SUPPLY_CHANGE,JUP,2025-09-21,-0.03414637415111932,-0.03514637415111932,-0.03664637415111932,-0.039146374151119316,-0.04414637415111932,-0.016585378485517333,-0.017585378485517333,-0.01908537848551733,-0.021585378485517333,-0.026585378485517334,-0.15121952715390208,-0.15221952715390208,-0.15371952715390208,-0.15621952715390208,-0.1612195271539021
SC-001,SUPPLY_CHANGE,JUP,2025-12-01,0.10430465889684348,0.10330465889684348,0.10180465889684348,0.09930465889684348,0.09430465889684349,0.19205299672601184,0.19105299672601184,0.18955299672601184,0.18705299672601183,0.18205299672601183,0.21523178839857704,0.21423178839857704,0.21273178839857704,0.21023178839857704,0.20523178839857703
SC-001,SUPPLY_CHANGE,JUP,2025-11-23,0.04679371135357013,0.04579371135357013,0.04429371135357013,0.041793711353570136,0.03679371135357013,0.08145571602733237,0.08045571602733237,0.07895571602733237,0.07645571602733237,0.07145571602733237,0.10745224475260984,0.10645224475260984,0.10495224475260984,0.10245224475260983,0.09745224475260984
SC-001,SUPPLY_CHANGE,JUP,2025-11-18,-0.02618658842134347,-0.02718658842134347,-0.02868658842134347,-0.03118658842134347,-0.03618658842134347,-0.09656298526231555,-0.09756298526231555,-0.09906298526231555,-0.10156298526231555,-0.10656298526231554,0.00981994684144838,0.008819946841448378,0.007319946841448379,0.004819946841448379,-0.00018005315855162095
SC-001,SUPPLY_CHANGE,JUP,2025-10-27,-0.006335784078711049,-0.007335784078711049,-0.00883578407871105,-0.01133578407871105,-0.01633578407871105,-0.06758186074711348,-0.06858186074711348,-0.07008186074711348,-0.07258186074711348,-0.07758186074711347,-0.2259767700415063,-0.2269767700415063,-0.2284767700415063,-0.2309767700415063,-0.2359767700415063
SC-001,SUPPLY_CHANGE,JUP,2025-10-18,-0.07950196099596207,-0.08050196099596207,-0.08200196099596208,-0.08450196099596208,-0.08950196099596207,-0.11302684064437885,-0.11402684064437885,-0.11552684064437885,-0.11802684064437885,-0.12302684064437884,-0.09770116544668472,-0.09870116544668472,-0.10020116544668473,-0.10270116544668473,-0.10770116544668472
SC-001,SUPPLY_CHANGE,JUP,2026-03-14,0.0031139816918954732,0.0021139816918954732,0.0006139816918954732,-0.0018860183081045269,-0.006886018308104527,0.0031139816918954732,0.0021139816918954732,0.0006139816918954732,-0.0018860183081045269,-0.006886018308104527,,,,,
SC-001,SUPPLY_CHANGE,JUP,2026-02-08,-0.0020964520477778636,-0.0030964520477778637,-0.004596452047777864,-0.007096452047777864,-0.012096452047777864,-0.056603778189760035,-0.057603778189760035,-0.05910377818976004,-0.06160377818976003,-0.06660377818976003,-0.13626834586211556,-0.13726834586211556,-0.13876834586211556,-0.14126834586211556,-0.14626834586211557
SC-001,SUPPLY_CHANGE,JUP,2025-10-14,-0.10520828823755324,-0.10620828823755324,-0.10770828823755324,-0.11020828823755324,-0.11520828823755323,-0.1135416246025357,-0.1145416246025357,-0.1160416246025357,-0.1185416246025357,-0.12354162460253569,-0.035416634076439024,-0.036416634076439025,-0.037916634076439026,-0.04041663407643902,-0.045416634076439026
SC-001,SUPPLY_CHANGE,JUP,2026-02-20,-0.06542058299052467,-0.06642058299052467,-0.06792058299052467,-0.07042058299052467,-0.07542058299052466,-0.042056055065535336,-0.04305605506553534,-0.04455605506553534,-0.047056055065535334,-0.05205605506553534,0.023364459925385495,0.022364459925385494,0.020864459925385496,0.018364459925385494,0.013364459925385494
SC-001,SUPPLY_CHANGE,JUP,2026-01-08,-0.0206794545262734,-0.0216794545262734,-0.0231794545262734,-0.0256794545262734,-0.0306794545262734,-0.005908378730868358,-0.006908378730868358,-0.008408378730868358,-0.010908378730868359,-0.01590837873086836,0.0768095253530483,0.0758095253530483,0.0743095253530483,0.0718095253530483,0.06680952535304831
SC-001,SUPPLY_CHANGE,JUP,2025-09-23,0.039175256247227175,0.038175256247227174,0.03667525624722717,0.03417525624722718,0.029175256247227173,-0.05567010729952271,-0.05667010729952271,-0.05817010729952271,-0.060670107299522706,-0.0656701072995227,-0.041237127630738724,-0.042237127630738724,-0.043737127630738726,-0.04623712763073872,-0.051237127630738726
SC-001,SUPPLY_CHANGE,JUP,2025-09-22,-0.02020199822790003,-0.021201998227900032,-0.02270199822790003,-0.025201998227900032,-0.030201998227900033,-0.04343432264801361,-0.04443432264801361,-0.045934322648013615,-0.04843432264801361,-0.053434322648013614,-0.050505024967559486,-0.05150502496755949,-0.05300502496755949,-0.055505024967559484,-0.06050502496755949
SC-001,SUPPLY_CHANGE,JUP,2025-10-15,0.0,-0.001,-0.0025,-0.005,-0.01,0.21536671367550664,0.21436671367550664,0.21286671367550664,0.21036671367550663,0.20536671367550663,0.0442374823716849,0.0432374823716849,0.0417374823716849,0.0392374823716849,0.0342374823716849
SC-001,SUPPLY_CHANGE,JUP,2025-11-16,0.04522608459786315,0.04422608459786315,0.042726084597863145,0.04022608459786315,0.035226084597863146,-0.003350109229550924,-0.004350109229550924,-0.005850109229550924,-0.008350109229550925,-0.013350109229550924,-0.03350079979470344,-0.03450079979470344,-0.03600079979470344,-0.03850079979470344,-0.04350079979470344
SC-001,SUPPLY_CHANGE,JUP,2025-11-20,-0.01953813098192292,-0.02053813098192292,-0.022038130981922918,-0.02453813098192292,-0.02953813098192292,0.024866871940866897,0.023866871940866896,0.022366871940866898,0.019866871940866896,0.014866871940866897,0.14209596799757152,0.14109596799757151,0.1395959679975715,0.1370959679975715,0.1320959679975715
SC-001,SUPPLY_CHANGE,JUP,2026-01-29,0.005235641983265982,0.004235641983265982,0.0027356419832659817,0.00023564198326598163,-0.0047643580167340185,-0.12216406535308333,-0.12316406535308333,-0.12466406535308333,-0.12716406535308333,-0.13216406535308334,-0.212914481974672,-0.213914481974672,-0.215414481974672,-0.217914481974672,-0.222914481974672
SC-001,SUPPLY_CHANGE,JUP,2026-02-23,-0.034146387863333794,-0.035146387863333794,-0.036646387863333796,-0.03914638786333379,-0.044146387863333796,0.12682923782109423,0.12582923782109423,0.12432923782109423,0.12182923782109423,0.11682923782109424,0.10731703646631807,0.10631703646631807,0.10481703646631807,0.10231703646631807,0.09731703646631808
SC-002,SUPPLY_CHANGE,JUP,2025-09-21,-0.03414637415111932,-0.03514637415111932,-0.03664637415111932,-0.039146374151119316,-0.04414637415111932,-0.016585378485517333,-0.017585378485517333,-0.01908537848551733,-0.021585378485517333,-0.026585378485517334,-0.15121952715390208,-0.15221952715390208,-0.15371952715390208,-0.15621952715390208,-0.1612195271539021
SC-002,SUPPLY_CHANGE,JUP,2026-02-12,0.06164384153296121,0.06064384153296121,0.059143841532961205,0.05664384153296121,0.051643841532961206,-0.059360719063973,-0.060360719063973,-0.061860719063973,-0.064360719063973,-0.069360719063973,-0.5205479361031365,-0.5215479361031365,-0.5230479361031365,-0.5255479361031365,-0.5305479361031366
SC-002,SUPPLY_CHANGE,JUP,2025-11-11,-0.02753627222963173,-0.02853627222963173,-0.03003627222963173,-0.03253627222963173,-0.03753627222963173,-0.08405801869562535,-0.08505801869562535,-0.08655801869562535,-0.08905801869562535,-0.09405801869562534,-0.11449277929764445,-0.11549277929764445,-0.11699277929764446,-0.11949277929764446,-0.12449277929764445
SC-002,SUPPLY_CHANGE,JUP,2026-03-07,-0.018518524756479415,-0.019518524756479416,-0.021018524756479414,-0.023518524756479416,-0.028518524756479417,0.027777787134719123,0.026777787134719122,0.025277787134719124,0.022777787134719122,0.01777778713471912,0.050925909395329594,0.04992590939532959,0.04842590939532959,0.045925909395329596,0.04092590939532959
SC-002,SUPPLY_CHANGE,JUP,2026-02-08,-0.0020964520477778636,-0.0030964520477778637,-0.004596452047777864,-0.007096452047777864,-0.012096452047777864,-0.056603778189760035,-0.057603778189760035,-0.05910377818976004,-0.06160377818976003,-0.06660377818976003,-0.13626834586211556,-0.13726834586211556,-0.13876834586211556,-0.14126834586211556,-0.14626834586211557
SC-002,SUPPLY_CHANGE,JUP,2026-01-07,-0.047820008486365806,-0.04882000848636581,-0.05032000848636581,-0.0528200084863658,-0.05782000848636581,-0.06751057132169946,-0.06851057132169946,-0.07001057132169947,-0.07251057132169947,-0.07751057132169946,0.06891705179098251,0.06791705179098251,0.0664170517909825,0.0639170517909825,0.05891705179098251
SC-002,SUPPLY_CHANGE,JUP,2025-11-17,-0.020833306126225914,-0.021833306126225915,-0.023333306126225913,-0.025833306126225915,-0.030833306126225916,-0.09775641175130623,-0.09875641175130623,-0.10025641175130623,-0.10275641175130623,-0.10775641175130622,-0.03205124736969456,-0.03305124736969456,-0.03455124736969456,-0.037051247369694555,-0.04205124736969456
SC-002,SUPPLY_CHANGE,JUP,2026-01-14,-0.040789476606686526,-0.041789476606686526,-0.04328947660668653,-0.04578947660668652,-0.05078947660668653,-0.051315795620961224,-0.052315795620961225,-0.053815795620961226,-0.05631579562096122,-0.061315795620961226,-0.17763162379225805,-0.17863162379225805,-0.18013162379225806,-0.18263162379225806,-0.18763162379225806
SC-002,SUPPLY_CHANGE,JUP,2026-02-19,0.01904762564712703,0.01804762564712703,0.016547625647127032,0.01404762564712703,0.009047625647127031,0.0,-0.001,-0.0025,-0.005,-0.01,0.10000000000000009,0.09900000000000009,0.09750000000000009,0.09500000000000008,0.0900000000000001
SC-002,SUPPLY_CHANGE,JUP,2025-12-02,0.07946026227655834,0.07846026227655833,0.07696026227655833,0.07446026227655833,0.06946026227655834,0.019490228312781577,0.018490228312781576,0.016990228312781578,0.014490228312781576,0.009490228312781577,0.18290853813862729,0.18190853813862728,0.18040853813862728,0.17790853813862728,0.17290853813862728
SC-002,SUPPLY_CHANGE,JUP,2025-09-16,-0.005633736614970242,-0.006633736614970242,-0.008133736614970242,-0.010633736614970243,-0.015633736614970244,-0.020657216438499937,-0.021657216438499938,-0.023157216438499936,-0.025657216438499938,-0.03065721643849994,-0.08920184996523939,-0.09020184996523939,-0.09170184996523939,-0.09420184996523939,-0.09920184996523938
SC-002,SUPPLY_CHANGE,JUP,2025-11-01,-0.017241366950980996,-0.018241366950980997,-0.019741366950980995,-0.022241366950980997,-0.027241366950981,-0.16133005650013976,-0.16233005650013976,-0.16383005650013976,-0.16633005650013977,-0.17133005650013977,-0.16256159295153982,-0.16356159295153982,-0.16506159295153983,-0.16756159295153983,-0.17256159295153983
SC-002,SUPPLY_CHANGE,JUP,2026-01-08,-0.0206794545262734,-0.0216794545262734,-0.0231794545262734,-0.0256794545262734,-0.0306794545262734,-0.005908378730868358,-0.006908378730868358,-0.008408378730868358,-0.010908378730868359,-0.01590837873086836,0.0768095253530483,0.0758095253530483,0.0743095253530483,0.0718095253530483,0.06680952535304831
SC-002,SUPPLY_CHANGE,JUP,2025-12-18,0.0,-0.001,-0.0025,-0.005,-0.01,0.013698645914380414,0.012698645914380413,0.011198645914380414,0.008698645914380413,0.003698645914380414,0.0,-0.001,-0.0025,-0.005,-0.01
SC-002,SUPPLY_CHANGE,JUP,2025-10-24,0.011815280017616114,0.010815280017616113,0.009315280017616114,0.006815280017616114,0.0018152800176161141,0.017185827741083903,0.016185827741083902,0.014685827741083903,0.012185827741083902,0.007185827741083903,-0.039742203205635374,-0.040742203205635374,-0.042242203205635376,-0.04474220320563537,-0.049742203205635376
SC-002,SUPPLY_CHANGE,JUP,2025-11-16,0.04522608459786315,0.04422608459786315,0.042726084597863145,0.04022608459786315,0.035226084597863146,-0.003350109229550924,-0.004350109229550924,-0.005850109229550924,-0.008350109229550925,-0.013350109229550924,-0.03350079979470344,-0.03450079979470344,-0.03600079979470344,-0.03850079979470344,-0.04350079979470344
SC-002,SUPPLY_CHANGE,JUP,2025-12-17,0.03464565788727092,0.03364565788727092,0.03214565788727092,0.02964565788727092,0.024645657887270918,0.040944918411651265,0.039944918411651265,0.03844491841165126,0.03594491841165127,0.030944918411651264,0.042519641877139414,0.04151964187713941,0.04001964187713941,0.037519641877139416,0.03251964187713941
SC-002,SUPPLY_CHANGE,JUP,2025-10-11,0.086763085490416,0.085763085490416,0.084263085490416,0.081763085490416,0.07676308549041601,0.06785317062122664,0.06685317062122664,0.06535317062122664,0.06285317062122664,0.05785317062122664,0.16129038941638374,0.16029038941638374,0.15879038941638374,0.15629038941638373,0.15129038941638373
SC-002,SUPPLY_CHANGE,JUP,2025-10-08,0.000998892251868888,-1.1077481311119394e-06,-0.001501107748131112,-0.004001107748131112,-0.009001107748131112,-0.10189817439619009,-0.10289817439619009,-0.10439817439619009,-0.1068981743961901,-0.11189817439619008,-0.14185816753454805,-0.14285816753454805,-0.14435816753454805,-0.14685816753454806,-0.15185816753454806
SC-002,SUPPLY_CHANGE,JUP,2025-12-28,-0.013081410351318712,-0.014081410351318713,-0.015581410351318712,-0.018081410351318713,-0.023081410351318714,-0.0610465534381015,-0.062046553438101504,-0.0635465534381015,-0.06604655343810151,-0.0710465534381015,0.005813913153831507,0.004813913153831507,0.003313913153831507,0.0008139131538315069,-0.004186086846168493
SC-003,SUPPLY_CHANGE,JUP,2025-10-09,-0.1037923396855206,-0.1047923396855206,-0.1062923396855206,-0.1087923396855206,-0.11379233968552059,-0.024950058753723914,-0.025950058753723915,-0.027450058753723913,-0.029950058753723915,-0.034950058753723916,-0.14271450337476654,-0.14371450337476654,-0.14521450337476655,-0.14771450337476655,-0.15271450337476655
SC-003,SUPPLY_CHANGE,JUP,2025-12-22,0.006014995869006778,0.005014995869006778,0.0035149958690067784,0.0010149958690067783,-0.003985004130993222,-0.012030079268330551,-0.013030079268330552,-0.014530079268330552,-0.017030079268330552,-0.022030079268330553,0.021052616836999105,0.020052616836999104,0.018552616836999106,0.016052616836999104,0.011052616836999105
SC-003,SUPPLY_CHANGE,JUP,2025-12-19,0.006088326449118275,0.005088326449118275,0.0035883264491182753,0.0010883264491182753,-0.003911673550881725,0.01217656430210079,0.011176564302100789,0.00967656430210079,0.0071765643021007896,0.0021765643021007895,-0.9543379004788975,-0.9553379004788976,-0.9568379004788975,-0.9593379004788976,-0.9643379004788976
SC-003,SUPPLY_CHANGE,JUP,2026-02-23,-0.034146387863333794,-0.035146387863333794,-0.036646387863333796,-0.03914638786333379,-0.044146387863333796,0.12682923782109423,0.12582923782109423,0.12432923782109423,0.12182923782109423,0.11682923782109424,0.10731703646631807,0.10631703646631807,0.10481703646631807,0.10231703646631807,0.09731703646631808
SC-003,SUPPLY_CHANGE,JUP,2025-11-21,-0.025362300501682533,-0.026362300501682534,-0.027862300501682532,-0.030362300501682534,-0.035362300501682535,0.09420287562710317,0.09320287562710317,0.09170287562710316,0.08920287562710316,0.08420287562710317,0.1630434507525238,0.1620434507525238,0.1605434507525238,0.1580434507525238,0.1530434507525238
SC-003,SUPPLY_CHANGE,JUP,2025-09-26,-0.06659388590789972,-0.06759388590789972,-0.06909388590789972,-0.07159388590789972,-0.07659388590789971,0.02620088251965469,0.025200882519654688,0.02370088251965469,0.021200882519654688,0.016200882519654687,0.12663750352677416,0.12563750352677416,0.12413750352677416,0.12163750352677416,0.11663750352677417
SC-003,SUPPLY_CHANGE,JUP,2026-01-17,0.0027738654229225723,0.0017738654229225723,0.00027386542292257227,-0.0022261345770774278,-0.007226134577077428,-0.13453541972404892,-0.13553541972404892,-0.13703541972404892,-0.13953541972404893,-0.14453541972404893,-0.16504858523094879,-0.1660485852309488,-0.1675485852309488,-0.1700485852309488,-0.1750485852309488
SC-003,SUPPLY_CHANGE,JUP,2026-02-06,0.04752072340097757,0.04652072340097757,0.04502072340097757,0.042520723400977574,0.03752072340097757,-0.016528931583327133,-0.017528931583327134,-0.019028931583327132,-0.021528931583327134,-0.026528931583327135,-0.039256197477431476,-0.04025619747743148,-0.04175619747743148,-0.04425619747743147,-0.04925619747743148
SC-003,SUPPLY_CHANGE,JUP,2025-10-16,-0.009313157749939904,-0.010313157749939905,-0.011813157749939905,-0.014313157749939905,-0.019313157749939906,0.118742676609086,0.117742676609086,0.116242676609086,0.11374267660908599,0.108742676609086,-0.026775320060812402,-0.027775320060812403,-0.0292753200608124,-0.0317753200608124,-0.036775320060812404
SC-003,SUPPLY_CHANGE,JUP,2025-12-27,0.04084715831267882,0.03984715831267882,0.03834715831267882,0.035847158312678824,0.03084715831267882,-0.015128619552102207,-0.016128619552102208,-0.017628619552102206,-0.020128619552102208,-0.02512861955210221,0.030257151044206676,0.029257151044206675,0.027757151044206677,0.025257151044206675,0.020257151044206674
SC-003,SUPPLY_CHANGE,JUP,2025-10-05,0.0644531611932706,0.0634531611932706,0.0619531611932706,0.059453161193270605,0.0544531611932706,-0.02246088121169254,-0.02346088121169254,-0.02496088121169254,-0.02746088121169254,-0.03246088121169254,-0.04589844604871729,-0.04689844604871729,-0.04839844604871729,-0.05089844604871729,-0.05589844604871729
SC-003,SUPPLY_CHANGE,JUP,2026-02-10,-0.021739168946466658,-0.02273916894646666,-0.024239168946466657,-0.02673916894646666,-0.03173916894646666,0.010869521204038168,0.009869521204038167,0.008369521204038168,0.005869521204038168,0.0008695212040381681,-0.5543478274623739,-0.5553478274623739,-0.5568478274623738,-0.5593478274623739,-0.5643478274623739
SC-003,SUPPLY_CHANGE,JUP,2025-12-06,-0.008141174344654445,-0.009141174344654446,-0.010641174344654445,-0.013141174344654446,-0.018141174344654447,0.07055629146604647,0.06955629146604647,0.06805629146604647,0.06555629146604647,0.06055629146604647,-0.06512892088212796,-0.06612892088212796,-0.06762892088212796,-0.07012892088212797,-0.07512892088212796
SC-003,SUPPLY_CHANGE,JUP,2026-03-01,0.02252249712960208,0.02152249712960208,0.020022497129602083,0.01752249712960208,0.012522497129602081,0.08108104210590072,0.08008104210590072,0.07858104210590072,0.07608104210590072,0.07108104210590073,-0.045045059808370924,-0.046045059808370925,-0.047545059808370926,-0.05004505980837092,-0.055045059808370926
SC-003,SUPPLY_CHANGE,JUP,2026-02-27,-0.004566178490873374,-0.005566178490873374,-0.007066178490873374,-0.009566178490873375,-0.014566178490873374,0.036529693715399825,0.035529693715399824,0.03402969371539982,0.03152969371539983,0.026529693715399823,-0.022831025348573175,-0.023831025348573176,-0.025331025348573174,-0.027831025348573176,-0.03283102534857318
SC-003,SUPPLY_CHANGE,JUP,2025-12-23,-0.01046337128345376,-0.01146337128345376,-0.01296337128345376,-0.01546337128345376,-0.02046337128345376,-0.9551569499166995,-0.9561569499166995,-0.9576569499166995,-0.9601569499166995,-0.9651569499166995,-0.026905774583036446,-0.027905774583036447,-0.029405774583036445,-0.03190577458303644,-0.03690577458303645
SC-003,SUPPLY_CHANGE,JUP,2026-02-16,-0.5060240723048572,-0.5070240723048572,-0.5085240723048572,-0.5110240723048572,-0.5160240723048573,-0.49397589263028574,-0.49497589263028574,-0.49647589263028574,-0.49897589263028574,-0.5039758926302857,-0.5060240723048572,-0.5070240723048572,-0.5085240723048572,-0.5110240723048572,-0.5160240723048573
SC-003,SUPPLY_CHANGE,JUP,2025-11-03,-0.07094132191266722,-0.07194132191266722,-0.07344132191266722,-0.07594132191266723,-0.08094132191266722,-0.05866299939870612,-0.05966299939870612,-0.06116299939870612,-0.06366299939870612,-0.06866299939870611,-0.04092768877308417,-0.04192768877308417,-0.04342768877308417,-0.04592768877308417,-0.05092768877308417
SC-003,SUPPLY_CHANGE,JUP,2025-10-02,0.012757588902637673,0.011757588902637672,0.010257588902637673,0.007757588902637673,0.002757588902637673,0.004906808902813475,0.003906808902813475,0.0024068089028134753,-9.319109718652473e-05,-0.005093191097186525,-0.01668303602488841,-0.01768303602488841,-0.019183036024888408,-0.02168303602488841,-0.02668303602488841
SC-003,SUPPLY_CHANGE,JUP,2026-03-10,0.02252249712960208,0.02152249712960208,0.020022497129602083,0.01752249712960208,0.012522497129602081,0.03153150909127622,0.03053150909127622,0.029031509091276223,0.02653150909127622,0.02153150909127622,0.025706613465214856,0.024706613465214855,0.023206613465214857,0.020706613465214855,0.015706613465214854
SC-004,SUPPLY_CHANGE,JUP,2025-11-12,-0.05961253996029736,-0.06061253996029736,-0.062112539960297364,-0.06461253996029737,-0.06961253996029736,-0.08196723160195463,-0.08296723160195463,-0.08446723160195463,-0.08696723160195463,-0.09196723160195462,-0.1132637825507482,-0.1142637825507482,-0.1157637825507482,-0.11826378255074821,-0.1232637825507482
SC-004,SUPPLY_CHANGE,JUP,2025-11-28,-0.006230486380313982,-0.007230486380313982,-0.008730486380313983,-0.011230486380313983,-0.016230486380313984,-0.05919002861060674,-0.06019002861060674,-0.06169002861060674,-0.06419002861060674,-0.06919002861060673,0.059190028610606626,0.058190028610606626,0.056690028610606624,0.05419002861060663,0.049190028610606625
SC-004,SUPPLY_CHANGE,JUP,2025-10-05,0.0644531611932706,0.0634531611932706,0.0619531611932706,0.059453161193270605,0.0544531611932706,-0.02246088121169254,-0.02346088121169254,-0.02496088121169254,-0.02746088121169254,-0.03246088121169254,-0.04589844604871729,-0.04689844604871729,-0.04839844604871729,-0.05089844604871729,-0.05589844604871729
SC-004,SUPPLY_CHANGE,JUP,2025-11-13,0.0015847981877583628,0.0005847981877583628,-0.0009152018122416373,-0.0034152018122416373,-0.008415201812241637,-0.0538826771503188,-0.054882677150318804,-0.056382677150318805,-0.0588826771503188,-0.0638826771503188,-0.10776544654733078,-0.10876544654733078,-0.11026544654733078,-0.11276544654733078,-0.11776544654733077
SC-004,SUPPLY_CHANGE,JUP,2025-10-10,0.0011135293721487027,0.00011352937214870271,-0.0013864706278512973,-0.0038864706278512974,-0.008886470627851297,0.09242760487214952,0.09142760487214951,0.08992760487214951,0.08742760487214951,0.08242760487214952,-0.05233853807899036,-0.05333853807899036,-0.05483853807899036,-0.05733853807899036,-0.06233853807899036
SC-004,SUPPLY_CHANGE,JUP,2025-12-21,-0.0015015129184735576,-0.0025015129184735576,-0.004001512918473558,-0.006501512918473558,-0.011501512918473558,-0.006006051673894119,-0.0070060516738941194,-0.00850605167389412,-0.01100605167389412,-0.01600605167389412,0.03303302200974967,0.03203302200974967,0.03053302200974967,0.028033022009749668,0.023033022009749667
SC-004,SUPPLY_CHANGE,JUP,2025-11-25,0.011345211155606938,0.010345211155606937,0.008845211155606937,0.006345211155606938,0.0013452111556069377,0.04051866517848768,0.03951866517848768,0.038018665178487676,0.03551866517848768,0.030518665178487676,0.08103733035697513,0.08003733035697513,0.07853733035697513,0.07603733035697513,0.07103733035697514
SC-004,SUPPLY_CHANGE,JUP,2026-01-16,0.00839167260819007,0.0073916726081900705,0.00589167260819007,0.0033916726081900704,-0.0016083273918099297,-0.06713281100028767,-0.06813281100028767,-0.06963281100028768,-0.07213281100028768,-0.07713281100028767,-0.1482517430142256,-0.1492517430142256,-0.15075174301422561,-0.15325174301422562,-0.15825174301422562
SC-004,SUPPLY_CHANGE,JUP,2026-03-03,0.07142852966606017,0.07042852966606017,0.06892852966606017,0.06642852966606017,0.06142852966606017,-0.044642871643729154,-0.045642871643729155,-0.047142871643729156,-0.04964287164372915,-0.054642871643729156,-0.00892857432874583,-0.009928574328745832,-0.011428574328745831,-0.013928574328745832,-0.018928574328745833
SC-004,SUPPLY_CHANGE,JUP,2025-12-17,0.03464565788727092,0.03364565788727092,0.03214565788727092,0.02964565788727092,0.024645657887270918,0.040944918411651265,0.039944918411651265,0.03844491841165126,0.03594491841165127,0.030944918411651264,0.042519641877139414,0.04151964187713941,0.04001964187713941,0.037519641877139416,0.03251964187713941
SC-004,SUPPLY_CHANGE,JUP,2025-10-26,-0.024716795152135096,-0.025716795152135097,-0.027216795152135095,-0.029716795152135097,-0.0347167951521351,-0.06591145373902696,-0.06691145373902696,-0.06841145373902696,-0.07091145373902696,-0.07591145373902695,-0.1781668159624229,-0.1791668159624229,-0.1806668159624229,-0.1831668159624229,-0.1881668159624229
SC-004,SUPPLY_CHANGE,JUP,2025-12-18,0.0,-0.001,-0.0025,-0.005,-0.01,0.013698645914380414,0.012698645914380413,0.011198645914380414,0.008698645914380413,0.003698645914380414,0.0,-0.001,-0.0025,-0.005,-0.01
SC-004,SUPPLY_CHANGE,JUP,2025-12-14,-0.05726873075076511,-0.05826873075076511,-0.05976873075076511,-0.062268730750765104,-0.0672687307507651,-0.06754772493948669,-0.06854772493948669,-0.07004772493948669,-0.07254772493948669,-0.07754772493948668,-0.022026428329232406,-0.023026428329232407,-0.024526428329232405,-0.027026428329232407,-0.03202642832923241
SC-004,SUPPLY_CHANGE,JUP,2025-11-07,-0.004392419845794859,-0.005392419845794859,-0.00689241984579486,-0.00939241984579486,-0.01439241984579486,0.029282543301427655,0.028282543301427654,0.026782543301427656,0.024282543301427654,0.019282543301427653,-0.07467062603743646,-0.07567062603743646,-0.07717062603743646,-0.07967062603743646,-0.08467062603743646
SC-004,SUPPLY_CHANGE,JUP,2026-03-12,0.022321403339911283,0.021321403339911282,0.019821403339911284,0.017321403339911282,0.012321403339911283,0.016548515727404345,0.015548515727404344,0.014048515727404344,0.011548515727404344,0.006548515727404345,,,,,
SC-004,SUPPLY_CHANGE,JUP,2025-11-22,0.07249071436376764,0.07149071436376764,0.06999071436376764,0.06749071436376763,0.06249071436376764,0.14684007067145455,0.14584007067145455,0.14434007067145455,0.14184007067145454,0.13684007067145454,0.18587360715456525,0.18487360715456524,0.18337360715456524,0.18087360715456524,0.17587360715456524
SC-004,SUPPLY_CHANGE,JUP,2026-03-15,0.0,-0.001,-0.0025,-0.005,-0.01,0.0,-0.001,-0.0025,-0.005,-0.01,,,,,
SC-004,SUPPLY_CHANGE,JUP,2026-03-06,0.009345797570075032,0.008345797570075031,0.006845797570075031,0.004345797570075032,-0.0006542024299249685,0.028037392710224873,0.027037392710224872,0.025537392710224874,0.023037392710224872,0.01803739271022487,0.07009344777576021,0.06909344777576021,0.06759344777576021,0.0650934477757602,0.06009344777576021
SC-004,SUPPLY_CHANGE,JUP,2025-10-03,-0.012596883047266028,-0.013596883047266028,-0.015096883047266028,-0.01759688304726603,-0.02259688304726603,0.056201643080530106,0.055201643080530105,0.053701643080530104,0.05120164308053011,0.046201643080530104,-0.1298448855993788,-0.1308448855993788,-0.1323448855993788,-0.1348448855993788,-0.1398448855993788
SC-004,SUPPLY_CHANGE,JUP,2026-02-24,0.18686871879055067,0.18586871879055067,0.18436871879055067,0.18186871879055067,0.17686871879055066,0.10606060828771291,0.10506060828771291,0.10356060828771291,0.1010606082877129,0.09606060828771291,0.13131317956711142,0.13031317956711141,0.1288131795671114,0.1263131795671114,0.12131317956711142
SC-005,SUPPLY_CHANGE,JUP,2026-03-03,0.07142852966606017,0.07042852966606017,0.06892852966606017,0.06642852966606017,0.06142852966606017,-0.044642871643729154,-0.045642871643729155,-0.047142871643729156,-0.04964287164372915,-0.054642871643729156,-0.00892857432874583,-0.009928574328745832,-0.011428574328745831,-0.013928574328745832,-0.018928574328745833
SC-005,SUPPLY_CHANGE,JUP,2025-10-28,-0.03613180218525536,-0.03713180218525536,-0.03863180218525536,-0.041131802185255355,-0.04613180218525536,-0.049946873911505874,-0.050946873911505874,-0.052446873911505876,-0.05494687391150587,-0.059946873911505875,-0.27630180566843643,-0.27730180566843643,-0.27880180566843643,-0.28130180566843643,-0.28630180566843644
SC-005,SUPPLY_CHANGE,JUP,2026-02-05,0.0731707080981312,0.0721707080981312,0.0706707080981312,0.0681707080981312,0.0631707080981312,0.05764965467111316,0.05664965467111316,0.05514965467111316,0.05264965467111316,0.04764965467111316,-0.028824859601443986,-0.029824859601443987,-0.03132485960144399,-0.033824859601443984,-0.03882485960144399
SC-005,SUPPLY_CHANGE,JUP,2025-11-16,0.04522608459786315,0.04422608459786315,0.042726084597863145,0.04022608459786315,0.035226084597863146,-0.003350109229550924,-0.004350109229550924,-0.005850109229550924,-0.008350109229550925,-0.013350109229550924,-0.03350079979470344,-0.03450079979470344,-0.03600079979470344,-0.03850079979470344,-0.04350079979470344
SC-005,SUPPLY_CHANGE,JUP,2025-10-26,-0.024716795152135096,-0.025716795152135097,-0.027216795152135095,-0.029716795152135097,-0.0347167951521351,-0.06591145373902696,-0.06691145373902696,-0.06841145373902696,-0.07091145373902696,-0.07591145373902695,-0.1781668159624229,-0.1791668159624229,-0.1806668159624229,-0.1831668159624229,-0.1881668159624229
SC-005,SUPPLY_CHANGE,JUP,2026-01-11,-0.011887076792251094,-0.012887076792251095,-0.014387076792251095,-0.016887076792251095,-0.021887076792251096,0.1292719493045007,0.1282719493045007,0.1267719493045007,0.1242719493045007,0.1192719493045007,0.07429416508419084,0.07329416508419084,0.07179416508419084,0.06929416508419084,0.06429416508419085
SC-005,SUPPLY_CHANGE,JUP,2025-12-21,-0.0015015129184735576,-0.0025015129184735576,-0.004001512918473558,-0.006501512918473558,-0.011501512918473558,-0.006006051673894119,-0.0070060516738941194,-0.00850605167389412,-0.01100605167389412,-0.01600605167389412,0.03303302200974967,0.03203302200974967,0.03053302200974967,0.028033022009749668,0.023033022009749667
SC-005,SUPPLY_CHANGE,JUP,2025-11-23,0.04679371135357013,0.04579371135357013,0.04429371135357013,0.041793711353570136,0.03679371135357013,0.08145571602733237,0.08045571602733237,0.07895571602733237,0.07645571602733237,0.07145571602733237,0.10745224475260984,0.10645224475260984,0.10495224475260984,0.10245224475260983,0.09745224475260984
SC-005,SUPPLY_CHANGE,JUP,2026-03-04,-0.024999948461965626,-0.025999948461965627,-0.027499948461965625,-0.029999948461965627,-0.03499994846196563,-0.0999999757468073,-0.1009999757468073,-0.1024999757468073,-0.1049999757468073,-0.1099999757468073,-0.05416665605589488,-0.05516665605589488,-0.05666665605589488,-0.05916665605589488,-0.06416665605589487
SC-005,SUPPLY_CHANGE,JUP,2026-02-11,-0.026666676152359736,-0.027666676152359737,-0.029166676152359735,-0.031666676152359734,-0.03666667615235974,0.024444436970868066,0.023444436970868066,0.021944436970868068,0.019444436970868065,0.014444436970868066,-0.5355555358655564,-0.5365555358655564,-0.5380555358655563,-0.5405555358655564,-0.5455555358655564
SC-005,SUPPLY_CHANGE,JUP,2025-11-10,-0.018492151653230038,-0.01949215165323004,-0.020992151653230037,-0.02349215165323004,-0.02849215165323004,-0.10241824266186039,-0.1034182426618604,-0.1049182426618604,-0.1074182426618604,-0.11241824266186039,-0.11237556145967265,-0.11337556145967265,-0.11487556145967265,-0.11737556145967265,-0.12237556145967264
SC-005,SUPPLY_CHANGE,JUP,2025-12-07,0.004103998539951137,0.003103998539951137,0.001603998539951137,-0.0008960014600488632,-0.005896001460048863,0.06839949790117972,0.06739949790117972,0.06589949790117972,0.06339949790117971,0.058399497901179716,-0.0683994182737343,-0.0693994182737343,-0.0708994182737343,-0.07339941827373431,-0.0783994182737343
SC-005,SUPPLY_CHANGE,JUP,2025-09-29,-0.010638316976258166,-0.011638316976258167,-0.013138316976258167,-0.015638316976258167,-0.02063831697625817,0.084042512151004,0.083042512151004,0.081542512151004,0.079042512151004,0.074042512151004,0.15957450695169761,0.1585745069516976,0.1570745069516976,0.1545745069516976,0.1495745069516976
SC-005,SUPPLY_CHANGE,JUP,2025-11-12,-0.05961253996029736,-0.06061253996029736,-0.062112539960297364,-0.06461253996029737,-0.06961253996029736,-0.08196723160195463,-0.08296723160195463,-0.08446723160195463,-0.08696723160195463,-0.09196723160195462,-0.1132637825507482,-0.1142637825507482,-0.1157637825507482,-0.11826378255074821,-0.1232637825507482
SC-005,SUPPLY_CHANGE,JUP,2025-09-23,0.039175256247227175,0.038175256247227174,0.03667525624722717,0.03417525624722718,0.029175256247227173,-0.05567010729952271,-0.05667010729952271,-0.05817010729952271,-0.060670107299522706,-0.0656701072995227,-0.041237127630738724,-0.042237127630738724,-0.043737127630738726,-0.04623712763073872,-0.051237127630738726
SC-005,SUPPLY_CHANGE,JUP,2025-12-04,-0.055555573520882695,-0.056555573520882696,-0.0580555735208827,-0.06055557352088269,-0.06555557352088269,0.015277732190760007,0.014277732190760006,0.012777732190760007,0.010277732190760006,0.005277732190760007,0.0055555169301020335,0.0045555169301020335,0.0030555169301020335,0.0005555169301020334,-0.004444483069897967
SC-005,SUPPLY_CHANGE,JUP,2025-12-26,21.033334800651488,21.032334800651487,21.030834800651487,21.02833480065149,21.023334800651487,21.633333563738663,21.632333563738662,21.630833563738662,21.628333563738664,21.62333356373866,21.900000327418102,21.8990003274181,21.8975003274181,21.895000327418103,21.8900003274181
SC-005,SUPPLY_CHANGE,JUP,2025-11-22,0.07249071436376764,0.07149071436376764,0.06999071436376764,0.06749071436376763,0.06249071436376764,0.14684007067145455,0.14584007067145455,0.14434007067145455,0.14184007067145454,0.13684007067145454,0.18587360715456525,0.18487360715456524,0.18337360715456524,0.18087360715456524,0.17587360715456524
SC-005,SUPPLY_CHANGE,JUP,2025-10-01,0.027217714844655294,0.026217714844655293,0.024717714844655295,0.022217714844655293,0.017217714844655292,0.027217714844655294,0.026217714844655293,0.024717714844655295,0.022217714844655293,0.017217714844655292,0.009072649850989656,0.008072649850989655,0.006572649850989655,0.004072649850989656,-0.0009273501490103444
SC-005,SUPPLY_CHANGE,JUP,2025-11-08,0.04558824020350083,0.04458824020350083,0.04308824020350083,0.04058824020350083,0.03558824020350083,0.014705908788081423,0.013705908788081422,0.012205908788081423,0.009705908788081422,0.004705908788081423,-0.09411767928451831,-0.09511767928451831,-0.09661767928451831,-0.09911767928451831,-0.1041176792845183
SC-006,SUPPLY_CHANGE,JUP,2026-02-07,-0.05917164416774179,-0.06017164416774179,-0.06167164416774179,-0.06417164416774179,-0.06917164416774178,-0.09270218321199275,-0.09370218321199275,-0.09520218321199275,-0.09770218321199275,-0.10270218321199275,-0.09072983908280341,-0.09172983908280341,-0.09322983908280341,-0.09572983908280341,-0.1007298390828034
SC-006,SUPPLY_CHANGE,JUP,2025-12-04,-0.055555573520882695,-0.056555573520882696,-0.0580555735208827,-0.06055557352088269,-0.06555557352088269,0.015277732190760007,0.014277732190760006,0.012777732190760007,0.010277732190760006,0.005277732190760007,0.0055555169301020335,0.0045555169301020335,0.0030555169301020335,0.0005555169301020334,-0.004444483069897967
SC-006,SUPPLY_CHANGE,JUP,2025-11-08,0.04558824020350083,0.04458824020350083,0.04308824020350083,0.04058824020350083,0.03558824020350083,0.014705908788081423,0.013705908788081422,0.012205908788081423,0.009705908788081422,0.004705908788081423,-0.09411767928451831,-0.09511767928451831,-0.09661767928451831,-0.09911767928451831,-0.1041176792845183
SC-006,SUPPLY_CHANGE,JUP,2026-03-08,0.03773586200775658,0.03673586200775658,0.03523586200775658,0.032735862007756585,0.02773586200775658,0.07075470694398867,0.06975470694398866,0.06825470694398866,0.06575470694398866,0.060754706943988664,0.07408901749792318,0.07308901749792318,0.07158901749792318,0.06908901749792318,0.06408901749792319
SC-006,SUPPLY_CHANGE,JUP,2026-01-20,0.001602576360711483,0.0006025763607114829,-0.0008974236392885171,-0.003397423639288517,-0.008397423639288517,-0.02403845884764877,-0.02503845884764877,-0.026538458847648768,-0.02903845884764877,-0.03403845884764877,-0.0160255770440918,-0.0170255770440918,-0.018525577044091798,-0.0210255770440918,-0.0260255770440918
SC-006,SUPPLY_CHANGE,JUP,2025-12-25,-0.9543379004788975,-0.9553379004788976,-0.9568379004788975,-0.9593379004788976,-0.9643379004788976,0.047184175596123534,0.04618417559612353,0.04468417559612353,0.04218417559612354,0.03718417559612353,0.0,-0.001,-0.0025,-0.005,-0.01
SC-006,SUPPLY_CHANGE,JUP,2026-03-05,-0.08547011204601296,-0.08647011204601296,-0.08797011204601296,-0.09047011204601296,-0.09547011204601295,-0.09401712325061418,-0.09501712325061418,-0.09651712325061418,-0.09901712325061418,-0.10401712325061417,-0.042735056023006424,-0.043735056023006424,-0.045235056023006426,-0.04773505602300642,-0.052735056023006426
SC-006,SUPPLY_CHANGE,JUP,2026-01-10,0.015082983670336336,0.014082983670336335,0.012582983670336336,0.010082983670336335,0.005082983670336336,0.15837110905262586,0.15737110905262586,0.15587110905262586,0.15337110905262585,0.14837110905262585,0.08748119993471604,0.08648119993471604,0.08498119993471603,0.08248119993471603,0.07748119993471604
SC-006,SUPPLY_CHANGE,JUP,2025-10-21,-0.03131748136333401,-0.03231748136333401,-0.03381748136333401,-0.03631748136333401,-0.04131748136333401,0.005399546244257536,0.004399546244257536,0.002899546244257536,0.00039954624425753583,-0.004600453755742464,0.016198701592017306,0.015198701592017305,0.013698701592017306,0.011198701592017305,0.006198701592017306
SC-006,SUPPLY_CHANGE,JUP,2025-11-21,-0.025362300501682533,-0.026362300501682534,-0.027862300501682532,-0.030362300501682534,-0.035362300501682535,0.09420287562710317,0.09320287562710317,0.09170287562710316,0.08920287562710316,0.08420287562710317,0.1630434507525238,0.1620434507525238,0.1605434507525238,0.1580434507525238,0.1530434507525238
SC-006,SUPPLY_CHANGE,JUP,2025-10-20,-0.020105788884443032,-0.021105788884443033,-0.02260578888444303,-0.025105788884443033,-0.030105788884443034,-0.11534387239007926,-0.11634387239007926,-0.11784387239007926,-0.12034387239007927,-0.12534387239007927,0.002116418281123522,0.0011164182811235221,-0.0003835817188764779,-0.002883581718876478,-0.007883581718876478
SC-006,SUPPLY_CHANGE,JUP,2025-11-17,-0.020833306126225914,-0.021833306126225915,-0.023333306126225913,-0.025833306126225915,-0.030833306126225916,-0.09775641175130623,-0.09875641175130623,-0.10025641175130623,-0.10275641175130623,-0.10775641175130622,-0.03205124736969456,-0.03305124736969456,-0.03455124736969456,-0.037051247369694555,-0.04205124736969456
SC-006,SUPPLY_CHANGE,JUP,2026-02-05,0.0731707080981312,0.0721707080981312,0.0706707080981312,0.0681707080981312,0.0631707080981312,0.05764965467111316,0.05664965467111316,0.05514965467111316,0.05264965467111316,0.04764965467111316,-0.028824859601443986,-0.029824859601443987,-0.03132485960144399,-0.033824859601443984,-0.03882485960144399
SC-006,SUPPLY_CHANGE,JUP,2026-01-30,-0.10069450023520543,-0.10169450023520543,-0.10319450023520543,-0.10569450023520544,-0.11069450023520543,-0.10937502052678938,-0.11037502052678938,-0.11187502052678938,-0.11437502052678938,-0.11937502052678937,-0.15972227064439215,-0.16072227064439215,-0.16222227064439215,-0.16472227064439215,-0.16972227064439216
SC-006,SUPPLY_CHANGE,JUP,2026-02-11,-0.026666676152359736,-0.027666676152359737,-0.029166676152359735,-0.031666676152359734,-0.03666667615235974,0.024444436970868066,0.023444436970868066,0.021944436970868068,0.019444436970868065,0.014444436970868066,-0.5355555358655564,-0.5365555358655564,-0.5380555358655563,-0.5405555358655564,-0.5455555358655564
SC-006,SUPPLY_CHANGE,JUP,2026-01-02,-0.008733606324724197,-0.009733606324724198,-0.011233606324724197,-0.013733606324724198,-0.0187336063247242,0.04512373152626936,0.04412373152626936,0.04262373152626936,0.040123731526269364,0.03512373152626936,-0.03493451002620618,-0.03593451002620618,-0.03743451002620618,-0.039934510026206176,-0.04493451002620618
SC-006,SUPPLY_CHANGE,JUP,2025-12-26,21.033334800651488,21.032334800651487,21.030834800651487,21.02833480065149,21.023334800651487,21.633333563738663,21.632333563738662,21.630833563738662,21.628333563738664,21.62333356373866,21.900000327418102,21.8990003274181,21.8975003274181,21.895000327418103,21.8900003274181
SC-006,SUPPLY_CHANGE,JUP,2025-12-16,-0.050822076661493853,-0.051822076661493854,-0.053322076661493856,-0.05582207666149385,-0.060822076661493855,-0.01793718305535763,-0.01893718305535763,-0.02043718305535763,-0.02293718305535763,-0.027937183055357633,0.0,-0.001,-0.0025,-0.005,-0.01
SC-006,SUPPLY_CHANGE,JUP,2025-11-10,-0.018492151653230038,-0.01949215165323004,-0.020992151653230037,-0.02349215165323004,-0.02849215165323004,-0.10241824266186039,-0.1034182426618604,-0.1049182426618604,-0.1074182426618604,-0.11241824266186039,-0.11237556145967265,-0.11337556145967265,-0.11487556145967265,-0.11737556145967265,-0.12237556145967264
SC-006,SUPPLY_CHANGE,JUP,2026-01-23,-0.011494245183292007,-0.012494245183292008,-0.013994245183292007,-0.016494245183292008,-0.02149424518329201,-0.019704393005904874,-0.020704393005904875,-0.022204393005904873,-0.024704393005904875,-0.029704393005904876,-0.054187128555780895,-0.055187128555780895,-0.0566871285557809,-0.05918712855578089,-0.06418712855578089
RW-001,REWARD_CHANGE,KMNO,2026-01-26,-0.047560896880307735,-0.048560896880307736,-0.05006089688030774,-0.05256089688030773,-0.05756089688030774,-0.08494898122962946,-0.08594898122962946,-0.08744898122962946,-0.08994898122962947,-0.09494898122962946,-0.20072759885778446,-0.20172759885778446,-0.20322759885778446,-0.20572759885778447,-0.21072759885778447
RW-001,REWARD_CHANGE,KMNO,2025-10-08,-0.0794006953442038,-0.0804006953442038,-0.0819006953442038,-0.0844006953442038,-0.08940069534420379,-0.2719489500317802,-0.2729489500317802,-0.2744489500317802,-0.2769489500317802,-0.2819489500317802,-0.20759532907764144,-0.20859532907764144,-0.21009532907764145,-0.21259532907764145,-0.21759532907764145
RW-001,REWARD_CHANGE,KMNO,2025-09-27,-0.011851385408016002,-0.012851385408016003,-0.014351385408016002,-0.016851385408016003,-0.021851385408016004,-0.025202146649010992,-0.026202146649010993,-0.02770214664901099,-0.030202146649010993,-0.035202146649010994,0.09677193771714387,0.09577193771714387,0.09427193771714387,0.09177193771714387,0.08677193771714388
RW-001,REWARD_CHANGE,KMNO,2025-10-13,-0.06855975482022636,-0.06955975482022636,-0.07105975482022636,-0.07355975482022636,-0.07855975482022635,-0.09743090646349117,-0.09843090646349117,-0.09993090646349118,-0.10243090646349118,-0.10743090646349117,-0.10713385415842114,-0.10813385415842114,-0.10963385415842114,-0.11213385415842114,-0.11713385415842113
RW-001,REWARD_CHANGE,KMNO,2025-10-24,-0.01642045732998032,-0.01742045732998032,-0.01892045732998032,-0.02142045732998032,-0.026420457329980322,0.005769322743743643,0.004769322743743643,0.0032693227437436433,0.0007693227437436433,-0.004230677256256357,0.01797376378192661,0.01697376378192661,0.01547376378192661,0.01297376378192661,0.00797376378192661
RW-001,REWARD_CHANGE,KMNO,2026-03-01,0.05769321771379121,0.05669321771379121,0.05519321771379121,0.052693217713791214,0.04769321771379121,0.08868777509701253,0.08768777509701253,0.08618777509701253,0.08368777509701253,0.07868777509701254,-0.11691069162996126,-0.11791069162996126,-0.11941069162996126,-0.12191069162996127,-0.12691069162996127
RW-001,REWARD_CHANGE,KMNO,2025-10-25,0.03880368574173021,0.03780368574173021,0.03630368574173021,0.03380368574173021,0.028803685741730208,0.04811775173188226,0.04711775173188226,0.04561775173188226,0.043117751731882266,0.03811775173188226,-0.002513862532732669,-0.003513862532732669,-0.00501386253273267,-0.007513862532732669,-0.01251386253273267
RW-001,REWARD_CHANGE,KMNO,2026-03-15,0.0,-0.001,-0.0025,-0.005,-0.01,0.0,-0.001,-0.0025,-0.005,-0.01,,,,,
RW-001,REWARD_CHANGE,KMNO,2026-01-08,0.005605505573992975,0.004605505573992975,0.003105505573992975,0.0006055055739929748,-0.004394494426007025,-0.03635963887098759,-0.03735963887098759,-0.03885963887098759,-0.041359638870987585,-0.04635963887098759,-0.020372920181857768,-0.02137292018185777,-0.022872920181857766,-0.02537292018185777,-0.03037292018185777
RW-001,REWARD_CHANGE,KMNO,2026-02-21,-0.035227526260314446,-0.03622752626031445,-0.03772752626031445,-0.04022752626031444,-0.04522752626031445,-0.20217060550675114,-0.20317060550675115,-0.20467060550675115,-0.20717060550675115,-0.21217060550675115,-0.22629264576873842,-0.22729264576873842,-0.22879264576873842,-0.23129264576873843,-0.23629264576873843
RW-001,REWARD_CHANGE,KMNO,2025-10-01,0.061733970336139254,0.060733970336139254,0.05923397033613925,0.05673397033613926,0.05173397033613925,0.053425282944698615,0.052425282944698615,0.05092528294469861,0.04842528294469862,0.043425282944698614,0.0804426003622476,0.0794426003622476,0.0779426003622476,0.07544260036224759,0.0704426003622476
RW-001,REWARD_CHANGE,KMNO,2025-12-29,0.11614214970526682,0.11514214970526682,0.11364214970526682,0.11114214970526681,0.10614214970526682,0.0576506639484875,0.0566506639484875,0.0551506639484875,0.052650663948487504,0.0476506639484875,0.13245630657429652,0.13145630657429652,0.12995630657429652,0.12745630657429652,0.12245630657429653
RW-001,REWARD_CHANGE,KMNO,2025-12-28,0.052184537312601975,0.051184537312601974,0.04968453731260197,0.04718453731260198,0.04218453731260197,0.11001223988414965,0.10901223988414965,0.10751223988414965,0.10501223988414965,0.10001223988414966,0.18496603816704993,0.18396603816704993,0.18246603816704993,0.17996603816704992,0.17496603816704992
RW-001,REWARD_CHANGE,KMNO,2026-01-19,-0.059622283598283365,-0.060622283598283366,-0.06212228359828337,-0.06462228359828337,-0.06962228359828336,-0.09817770249673685,-0.09917770249673685,-0.10067770249673685,-0.10317770249673686,-0.10817770249673685,-0.23333273857756154,-0.23433273857756154,-0.23583273857756154,-0.23833273857756154,-0.24333273857756155
RW-001,REWARD_CHANGE,KMNO,2026-02-04,-0.15357415881163183,-0.15457415881163183,-0.15607415881163184,-0.15857415881163184,-0.16357415881163184,-0.04779035227764916,-0.04879035227764916,-0.050290352277649164,-0.05279035227764916,-0.057790352277649164,-0.1269343753902774,-0.1279343753902774,-0.1294343753902774,-0.13193437539027741,-0.13693437539027742
RW-001,REWARD_CHANGE,KMNO,2025-11-25,0.05640259036894979,0.05540259036894979,0.05390259036894979,0.05140259036894979,0.04640259036894979,0.050252366965126694,0.04925236696512669,0.04775236696512669,0.045252366965126696,0.04025236696512669,0.0719761353465016,0.0709761353465016,0.0694761353465016,0.0669761353465016,0.0619761353465016
RW-001,REWARD_CHANGE,KMNO,2026-02-10,-0.02843735030249983,-0.029437350302499832,-0.03093735030249983,-0.03343735030249983,-0.03843735030249983,0.019050200136638606,0.018050200136638606,0.016550200136638608,0.014050200136638605,0.009050200136638606,0.03492543119951108,0.03392543119951108,0.03242543119951108,0.02992543119951108,0.02492543119951108
RW-001,REWARD_CHANGE,KMNO,2025-09-17,0.0460836053936724,0.0450836053936724,0.0435836053936724,0.0410836053936724,0.0360836053936724,-0.05807244056366734,-0.05907244056366734,-0.06057244056366734,-0.06307244056366734,-0.06807244056366733,-0.222194993359229,-0.223194993359229,-0.224694993359229,-0.227194993359229,-0.232194993359229
RW-001,REWARD_CHANGE,KMNO,2025-10-14,-0.013719361811425967,-0.014719361811425968,-0.016219361811425966,-0.01871936181142597,-0.02371936181142597,0.04552930680656342,0.04452930680656342,0.04302930680656342,0.04052930680656342,0.03552930680656342,-0.03155457970926989,-0.03255457970926989,-0.034054579709269894,-0.03655457970926989,-0.041554579709269894
RW-001,REWARD_CHANGE,KMNO,2026-02-06,-0.016496393052910507,-0.01749639305291051,-0.018996393052910506,-0.02149639305291051,-0.02649639305291051,-0.04667030178502851,-0.04767030178502851,-0.049170301785028514,-0.05167030178502851,-0.056670301785028514,-0.05416574958385967,-0.05516574958385967,-0.05666574958385967,-0.059165749583859666,-0.06416574958385966
RW-002,REWARD_CHANGE,MNDE,2025-11-26,0.01542587677758922,0.01442587677758922,0.01292587677758922,0.01042587677758922,0.00542587677758922,0.07425643570713847,0.07325643570713847,0.07175643570713847,0.06925643570713846,0.06425643570713847,0.032841592334762026,0.031841592334762026,0.030341592334762028,0.027841592334762025,0.022841592334762024
RW-002,REWARD_CHANGE,MNDE,2026-03-02,0.009723906621317502,0.008723906621317501,0.007223906621317501,0.004723906621317502,-0.0002760933786824984,-0.0023194372865849022,-0.0033194372865849022,-0.004819437286584903,-0.007319437286584902,-0.012319437286584902,-0.05343678758642012,-0.05443678758642012,-0.05593678758642012,-0.05843678758642012,-0.06343678758642012
RW-002,REWARD_CHANGE,MNDE,2025-12-15,-0.14383115036831573,-0.14483115036831573,-0.14633115036831573,-0.14883115036831573,-0.15383115036831574,-0.29694872018959195,-0.29794872018959195,-0.29944872018959195,-0.30194872018959196,-0.30694872018959196,-0.35436363309922525,-0.35536363309922525,-0.35686363309922525,-0.35936363309922525,-0.36436363309922526
RW-002,REWARD_CHANGE,MNDE,2025-10-17,0.005177250151861212,0.004177250151861212,0.0026772501518612123,0.0001772501518612123,-0.004822749848138788,0.03131530552246509,0.030315305522465086,0.028815305522465088,0.026315305522465086,0.021315305522465085,0.027500010425252963,0.026500010425252962,0.025000010425252964,0.022500010425252962,0.01750001042525296
RW-002,REWARD_CHANGE,MNDE,2025-12-03,0.039837201290335855,0.038837201290335854,0.03733720129033585,0.03483720129033586,0.029837201290335853,0.05739454283908452,0.056394542839084516,0.054894542839084515,0.05239454283908452,0.047394542839084515,0.0640002400384061,0.0630002400384061,0.061500240038406095,0.0590002400384061,0.054000240038406096
RW-002,REWARD_CHANGE,MNDE,2026-01-08,-0.010806209166621006,-0.011806209166621007,-0.013306209166621006,-0.015806209166621007,-0.020806209166621008,-0.038635300419508134,-0.039635300419508135,-0.041135300419508136,-0.04363530041950813,-0.048635300419508136,-0.16077599324950798,-0.16177599324950798,-0.16327599324950798,-0.16577599324950798,-0.17077599324950798
RW-002,REWARD_CHANGE,MNDE,2025-10-29,-0.04026497660217665,-0.04126497660217665,-0.04276497660217665,-0.04526497660217665,-0.05026497660217665,-0.023613389114398697,-0.024613389114398698,-0.026113389114398696,-0.0286133891143987,-0.0336133891143987,-0.2703400493632653,-0.2713400493632653,-0.2728400493632653,-0.2753400493632653,-0.2803400493632653
RW-002,REWARD_CHANGE,MNDE,2026-01-13,0.06144016947869968,0.06044016947869968,0.05894016947869968,0.05644016947869968,0.05144016947869968,-0.009371927865677199,-0.0103719278656772,-0.0118719278656772,-0.0143719278656772,-0.0193719278656772,-0.07445189145230946,-0.07545189145230946,-0.07695189145230946,-0.07945189145230946,-0.08445189145230945
RW-002,REWARD_CHANGE,MNDE,2025-09-19,-0.05481570953914017,-0.05581570953914017,-0.05731570953914017,-0.059815709539140165,-0.06481570953914016,-0.12819072466105808,-0.12919072466105808,-0.13069072466105808,-0.13319072466105808,-0.13819072466105808,-0.20238396448389007,-0.20338396448389007,-0.20488396448389007,-0.20738396448389007,-0.21238396448389008
RW-002,REWARD_CHANGE,MNDE,2025-11-25,0.01994541766356983,0.01894541766356983,0.017445417663569832,0.01494541766356983,0.00994541766356983,0.056326251516033876,0.055326251516033875,0.053826251516033874,0.05132625151603388,0.046326251516033874,0.040485935833066256,0.039485935833066255,0.03798593583306625,0.03548593583306626,0.030485935833066254
RW-002,REWARD_CHANGE,MNDE,2026-01-25,0.00830117180207024,0.00730117180207024,0.005801171802070239,0.0033011718020702395,-0.0016988281979297606,-0.056390403178573245,-0.057390403178573246,-0.05889040317857325,-0.06139040317857324,-0.06639040317857324,-0.34614280670708664,-0.34714280670708664,-0.34864280670708664,-0.35114280670708664,-0.35614280670708665
RW-002,REWARD_CHANGE,MNDE,2025-11-03,-0.1215427670531617,-0.1225427670531617,-0.1240427670531617,-0.1265427670531617,-0.1315427670531617,-0.1676499301711748,-0.1686499301711748,-0.1701499301711748,-0.1726499301711748,-0.1776499301711748,-0.0002803514730067569,-0.001280351473006757,-0.002780351473006757,-0.005280351473006757,-0.010280351473006757
RW-002,REWARD_CHANGE,MNDE,2026-01-26,-0.028909380090381687,-0.029909380090381688,-0.03140938009038169,-0.033909380090381684,-0.03890938009038169,-0.15467233970698435,-0.15567233970698435,-0.15717233970698435,-0.15967233970698436,-0.16467233970698436,-0.3515259016070392,-0.3525259016070392,-0.35402590160703923,-0.35652590160703923,-0.36152590160703924
RW-002,REWARD_CHANGE,MNDE,2025-10-16,-0.020861543629285495,-0.021861543629285496,-0.023361543629285494,-0.025861543629285496,-0.030861543629285497,-0.0037265832143221767,-0.004726583214322177,-0.006226583214322177,-0.008726583214322178,-0.013726583214322177,0.0006393464198710674,-0.0003606535801289326,-0.0018606535801289326,-0.004360653580128933,-0.009360653580128933
RW-002,REWARD_CHANGE,MNDE,2026-02-26,0.004507356913891147,0.0035073569138911473,0.0020073569138911473,-0.0004926430861088528,-0.005492643086108853,0.025814985676951174,0.024814985676951173,0.023314985676951176,0.020814985676951173,0.015814985676951172,0.018348207611149192,0.01734820761114919,0.015848207611149193,0.013348207611149191,0.008348207611149192
RW-002,REWARD_CHANGE,MNDE,2025-12-04,-0.026915235934007797,-0.027915235934007798,-0.029415235934007796,-0.031915235934007795,-0.0369152359340078,-0.026859497484140737,-0.02785949748414074,-0.029359497484140736,-0.031859497484140735,-0.03685949748414074,0.005892913878490003,0.004892913878490003,0.0033929138784900025,0.0008929138784900025,-0.004107086121509998
RW-002,REWARD_CHANGE,MNDE,2026-03-01,-0.004970966595484794,-0.005970966595484794,-0.007470966595484794,-0.009970966595484795,-0.014970966595484794,-0.015356674086879352,-0.016356674086879353,-0.01785667408687935,-0.020356674086879353,-0.025356674086879354,-0.05849719073837745,-0.05949719073837745,-0.06099719073837745,-0.06349719073837745,-0.06849719073837744
RW-002,REWARD_CHANGE,MNDE,2026-02-21,-0.03130632584336979,-0.03230632584336979,-0.03380632584336979,-0.036306325843369784,-0.04130632584336979,-0.10410871944445677,-0.10510871944445677,-0.10660871944445677,-0.10910871944445677,-0.11410871944445676,-0.04816663310206026,-0.049166633102060264,-0.050666633102060266,-0.05316663310206026,-0.058166633102060265
RW-002,REWARD_CHANGE,MNDE,2025-11-08,0.020939283887415838,0.019939283887415837,0.01843928388741584,0.015939283887415837,0.010939283887415838,0.2322366036468262,0.2312366036468262,0.2297366036468262,0.22723660364682619,0.22223660364682618,0.07341077997645562,0.07241077997645562,0.07091077997645562,0.06841077997645562,0.06341077997645563
RW-002,REWARD_CHANGE,MNDE,2025-10-28,-0.0014759156202280854,-0.0024759156202280854,-0.003975915620228086,-0.0064759156202280855,-0.011475915620228086,-0.02326873326078316,-0.02426873326078316,-0.025768733260783157,-0.02826873326078316,-0.03326873326078316,-0.28640406324464396,-0.28740406324464396,-0.28890406324464396,-0.29140406324464396,-0.29640406324464397
RW-003,REWARD_CHANGE,MNDE,2025-12-19,-0.06914867326793117,-0.07014867326793117,-0.07164867326793117,-0.07414867326793118,-0.07914867326793117,-0.08420272600534351,-0.08520272600534351,-0.08670272600534351,-0.08920272600534351,-0.0942027260053435,0.038421283296968145,0.037421283296968144,0.03592128329696814,0.03342128329696815,0.028421283296968143
RW-003,REWARD_CHANGE,MNDE,2025-10-26,0.01371342795315389,0.012713427953153889,0.011213427953153889,0.008713427953153888,0.003713427953153889,-0.03407219705279696,-0.03507219705279696,-0.03657219705279696,-0.03907219705279696,-0.04407219705279696,-0.06717492891037269,-0.06817492891037269,-0.06967492891037269,-0.0721749289103727,-0.07717492891037268
RW-003,REWARD_CHANGE,MNDE,2026-02-07,-0.14279914252408432,-0.14379914252408432,-0.14529914252408432,-0.14779914252408433,-0.15279914252408433,-0.16363878912120444,-0.16463878912120444,-0.16613878912120444,-0.16863878912120445,-0.17363878912120445,-0.10639737552228767,-0.10739737552228767,-0.10889737552228768,-0.11139737552228768,-0.11639737552228767
RW-003,REWARD_CHANGE,MNDE,2026-02-04,-0.050249483919545535,-0.051249483919545535,-0.05274948391954554,-0.05524948391954553,-0.060249483919545536,0.14343736602623447,0.14243736602623447,0.14093736602623447,0.13843736602623447,0.13343736602623446,-0.05787010984497776,-0.05887010984497776,-0.06037010984497776,-0.06287010984497776,-0.06787010984497775
RW-003,REWARD_CHANGE,MNDE,2025-09-15,0.019253303746176842,0.01825330374617684,0.016753303746176843,0.014253303746176841,0.009253303746176842,0.003063094894681706,0.002063094894681706,0.000563094894681706,-0.001936905105318294,-0.006936905105318294,-0.14102968996501253,-0.14202968996501253,-0.14352968996501253,-0.14602968996501253,-0.15102968996501254
RW-003,REWARD_CHANGE,MNDE,2026-02-22,-0.0380633998126102,-0.0390633998126102,-0.0405633998126102,-0.0430633998126102,-0.0480633998126102,-0.057158522980820914,-0.058158522980820915,-0.059658522980820916,-0.06215852298082091,-0.06715852298082091,-0.04816013130346375,-0.04916013130346375,-0.05066013130346375,-0.05316013130346375,-0.05816013130346375
RW-003,REWARD_CHANGE,MNDE,2025-12-06,-0.04301785605833652,-0.044017856058336524,-0.045517856058336525,-0.04801785605833652,-0.053017856058336525,-0.023687257928611483,-0.024687257928611483,-0.02618725792861148,-0.028687257928611484,-0.033687257928611485,-0.0710616717133028,-0.0720616717133028,-0.0735616717133028,-0.0760616717133028,-0.0810616717133028
RW-003,REWARD_CHANGE,MNDE,2026-01-18,-0.05456749562019825,-0.05556749562019825,-0.05706749562019825,-0.059567495620198245,-0.06456749562019824,-0.019956643713338384,-0.020956643713338385,-0.022456643713338383,-0.024956643713338385,-0.029956643713338386,-0.062084752289081946,-0.06308475228908195,-0.06458475228908195,-0.06708475228908195,-0.07208475228908194
RW-003,REWARD_CHANGE,MNDE,2025-09-19,-0.05481570953914017,-0.05581570953914017,-0.05731570953914017,-0.059815709539140165,-0.06481570953914016,-0.12819072466105808,-0.12919072466105808,-0.13069072466105808,-0.13319072466105808,-0.13819072466105808,-0.20238396448389007,-0.20338396448389007,-0.20488396448389007,-0.20738396448389007,-0.21238396448389008
RW-003,REWARD_CHANGE,MNDE,2025-10-13,-0.03429417862026718,-0.03529417862026718,-0.03679417862026718,-0.03929417862026718,-0.04429417862026718,-0.10110918524051105,-0.10210918524051105,-0.10360918524051105,-0.10610918524051105,-0.11110918524051104,-0.09229962713146922,-0.09329962713146922,-0.09479962713146922,-0.09729962713146922,-0.10229962713146921
RW-003,REWARD_CHANGE,MNDE,2025-12-16,-0.14577120284192946,-0.14677120284192946,-0.14827120284192946,-0.15077120284192946,-0.15577120284192947,-0.17656520248228968,-0.17756520248228969,-0.1790652024822897,-0.1815652024822897,-0.1865652024822897,-0.20759455361143975,-0.20859455361143975,-0.21009455361143975,-0.21259455361143975,-0.21759455361143976
RW-003,REWARD_CHANGE,MNDE,2025-12-02,0.012451983246410725,0.011451983246410724,0.009951983246410724,0.007451983246410725,0.0024519832464107248,0.024449273666182547,0.023449273666182546,0.02194927366618255,0.019449273666182546,0.014449273666182547,0.04520254265190271,0.04420254265190271,0.04270254265190271,0.04020254265190271,0.03520254265190271
RW-003,REWARD_CHANGE,MNDE,2025-11-15,-0.07465856262677428,-0.07565856262677428,-0.07715856262677429,-0.07965856262677429,-0.08465856262677428,-0.08406742903614717,-0.08506742903614717,-0.08656742903614717,-0.08906742903614717,-0.09406742903614716,-0.12199671367865861,-0.12299671367865861,-0.12449671367865861,-0.1269967136786586,-0.13199671367865862
RW-003,REWARD_CHANGE,MNDE,2025-09-29,-0.008010625167373386,-0.009010625167373387,-0.010510625167373387,-0.013010625167373387,-0.01801062516737339,0.13670630421830499,0.13570630421830499,0.13420630421830498,0.13170630421830498,0.12670630421830498,0.057838702006081544,0.05683870200608154,0.05533870200608154,0.052838702006081546,0.04783870200608154
RW-003,REWARD_CHANGE,MNDE,2026-02-14,-0.054175797487720834,-0.055175797487720835,-0.056675797487720836,-0.05917579748772083,-0.06417579748772083,-0.06867571526449501,-0.06967571526449501,-0.07117571526449501,-0.07367571526449501,-0.078675715264495,-0.07488448553505878,-0.07588448553505878,-0.07738448553505878,-0.07988448553505878,-0.08488448553505877
RW-003,REWARD_CHANGE,MNDE,2025-10-05,0.03377931660980571,0.03277931660980571,0.03127931660980571,0.02877931660980571,0.023779316609805708,-0.003547353460625069,-0.004547353460625069,-0.0060473534606250694,-0.00854735346062507,-0.01354735346062507,-0.1329994939436666,-0.13399949394366661,-0.13549949394366662,-0.13799949394366662,-0.14299949394366662
RW-003,REWARD_CHANGE,MNDE,2025-10-06,-0.02719543474558772,-0.028195434745587722,-0.02969543474558772,-0.03219543474558772,-0.03719543474558772,-0.0515082578537539,-0.052508257853753904,-0.054008257853753905,-0.0565082578537539,-0.061508257853753905,-0.10885516708136012,-0.10985516708136012,-0.11135516708136012,-0.11385516708136012,-0.11885516708136011
RW-003,REWARD_CHANGE,MNDE,2026-01-17,-0.020640225233174436,-0.021640225233174437,-0.023140225233174435,-0.025640225233174437,-0.030640225233174438,-0.06952389519134816,-0.07052389519134816,-0.07202389519134816,-0.07452389519134817,-0.07952389519134816,0.019741858829955605,0.018741858829955604,0.017241858829955607,0.014741858829955604,0.009741858829955605
RW-003,REWARD_CHANGE,MNDE,2025-10-02,-0.035630907141765755,-0.036630907141765756,-0.03813090714176576,-0.04063090714176575,-0.04563090714176576,-0.09979101220586928,-0.10079101220586928,-0.10229101220586928,-0.10479101220586928,-0.10979101220586927,-0.11731705045353735,-0.11831705045353735,-0.11981705045353735,-0.12231705045353736,-0.12731705045353736
RW-003,REWARD_CHANGE,MNDE,2026-02-05,0.17261322992385786,0.17161322992385786,0.17011322992385786,0.16761322992385785,0.16261322992385785,0.03201364361739456,0.03101364361739456,0.02951364361739456,0.02701364361739456,0.02201364361739456,-0.014785010987193536,-0.015785010987193537,-0.017285010987193535,-0.019785010987193537,-0.02478501098719354
GV-001,GOVERNANCE_EXECUTION,JTO,2025-10-17,-0.05563341292723978,-0.05663341292723978,-0.05813341292723978,-0.060633412927239776,-0.06563341292723977,0.005014489826159041,0.004014489826159041,0.002514489826159041,1.4489826159040826e-05,-0.004985510173840959,-0.0007782811739260875,-0.0017782811739260876,-0.0032782811739260876,-0.005778281173926088,-0.010778281173926088
GV-001,GOVERNANCE_EXECUTION,JTO,2026-03-09,0.0021812114765493718,0.0011812114765493717,-0.0003187885234506283,-0.0028187885234506284,-0.007818788523450628,0.10383407993964289,0.10283407993964289,0.10133407993964288,0.09883407993964288,0.09383407993964289,0.0943673339925184,0.0933673339925184,0.0918673339925184,0.0893673339925184,0.0843673339925184
GV-001,GOVERNANCE_EXECUTION,JTO,2026-01-21,-0.03373752334489599,-0.03473752334489599,-0.036237523344895994,-0.03873752334489599,-0.043737523344895994,-0.023064766008739856,-0.024064766008739857,-0.025564766008739855,-0.028064766008739857,-0.03306476600873986,0.2565069468177432,0.2555069468177432,0.2540069468177432,0.2515069468177432,0.2465069468177432
GV-001,GOVERNANCE_EXECUTION,JTO,2026-02-09,-0.024369616635650848,-0.02536961663565085,-0.026869616635650847,-0.02936961663565085,-0.03436961663565085,0.044723332286979334,0.04372333228697933,0.04222333228697933,0.039723332286979336,0.03472333228697933,0.09179259643022353,0.09079259643022353,0.08929259643022353,0.08679259643022352,0.08179259643022353
GV-001,GOVERNANCE_EXECUTION,JTO,2025-11-03,-0.06220096776708872,-0.06320096776708872,-0.06470096776708872,-0.06720096776708873,-0.07220096776708872,-0.08812622091595312,-0.08912622091595312,-0.09062622091595313,-0.09312622091595313,-0.09812622091595312,-0.018351595174423196,-0.019351595174423197,-0.020851595174423195,-0.023351595174423197,-0.0283515951744232
GV-001,GOVERNANCE_EXECUTION,JTO,2025-11-28,-0.040453326157954606,-0.041453326157954606,-0.04295332615795461,-0.0454533261579546,-0.05045332615795461,-0.1573879388327084,-0.1583879388327084,-0.1598879388327084,-0.1623879388327084,-0.16738793883270842,-0.12524357586908585,-0.12624357586908586,-0.12774357586908586,-0.13024357586908586,-0.13524357586908586
GV-001,GOVERNANCE_EXECUTION,JTO,2026-02-04,-0.17044977582379994,-0.17144977582379994,-0.17294977582379994,-0.17544977582379995,-0.18044977582379995,-0.09283360906736549,-0.09383360906736549,-0.09533360906736549,-0.09783360906736549,-0.10283360906736548,-0.15105096117598782,-0.15205096117598782,-0.15355096117598782,-0.15605096117598782,-0.16105096117598783
GV-001,GOVERNANCE_EXECUTION,JTO,2026-02-24,0.051595462645608325,0.050595462645608325,0.04909546264560832,0.04659546264560833,0.04159546264560832,-0.007852489796797757,-0.008852489796797758,-0.010352489796797757,-0.012852489796797758,-0.01785248979679776,-0.015959053008012702,-0.016959053008012703,-0.0184590530080127,-0.020959053008012703,-0.025959053008012704
GV-001,GOVERNANCE_EXECUTION,JTO,2026-01-08,0.002260137797555961,0.001260137797555961,-0.00023986220244403894,-0.002739862202444039,-0.007739862202444039,-0.000700773671594046,-0.001700773671594046,-0.003200773671594046,-0.005700773671594046,-0.010700773671594046,-0.06351836735516192,-0.06451836735516192,-0.06601836735516192,-0.06851836735516192,-0.07351836735516191
GV-001,GOVERNANCE_EXECUTION,JTO,2025-11-15,-0.02414012133245158,-0.02514012133245158,-0.02664012133245158,-0.02914012133245158,-0.03414012133245158,-0.04575752080253215,-0.04675752080253215,-0.04825752080253215,-0.050757520802532145,-0.05575752080253215,-0.21015683626336223,-0.21115683626336224,-0.21265683626336224,-0.21515683626336224,-0.22015683626336224
GV-001,GOVERNANCE_EXECUTION,JTO,2026-02-07,-0.020373311851199394,-0.021373311851199395,-0.022873311851199393,-0.025373311851199395,-0.030373311851199396,-0.06483838625584848,-0.06583838625584848,-0.06733838625584848,-0.06983838625584848,-0.07483838625584847,0.10619459769393513,0.10519459769393513,0.10369459769393513,0.10119459769393513,0.09619459769393514
GV-001,GOVERNANCE_EXECUTION,JTO,2025-11-12,-0.06315618746074103,-0.06415618746074103,-0.06565618746074103,-0.06815618746074104,-0.07315618746074103,-0.16877280998283228,-0.16977280998283228,-0.17127280998283229,-0.1737728099828323,-0.1787728099828323,-0.22866000669806852,-0.22966000669806852,-0.23116000669806852,-0.23366000669806852,-0.23866000669806853
GV-001,GOVERNANCE_EXECUTION,JTO,2025-12-10,-0.030653490748641765,-0.031653490748641766,-0.03315349074864177,-0.03565349074864176,-0.04065349074864177,-0.05461475648893832,-0.05561475648893832,-0.05711475648893832,-0.05961475648893832,-0.06461475648893832,-0.20071918615845052,-0.20171918615845053,-0.20321918615845053,-0.20571918615845053,-0.21071918615845053
GV-001,GOVERNANCE_EXECUTION,JTO,2026-01-02,0.011554445137240243,0.010554445137240243,0.009054445137240243,0.006554445137240243,0.0015544451372402433,0.08764079261286839,0.08664079261286839,0.08514079261286839,0.08264079261286839,0.0776407926128684,-0.010361853567791734,-0.011361853567791735,-0.012861853567791735,-0.015361853567791735,-0.020361853567791736
GV-001,GOVERNANCE_EXECUTION,JTO,2026-03-12,-0.00904620667634648,-0.01004620667634648,-0.01154620667634648,-0.014046206676346481,-0.019046206676346482,-0.008576239961391896,-0.009576239961391897,-0.011076239961391897,-0.013576239961391897,-0.018576239961391898,,,,,
GV-001,GOVERNANCE_EXECUTION,JTO,2026-03-07,-0.0078076211475262,-0.008807621147526201,-0.0103076211475262,-0.012807621147526201,-0.017807621147526202,0.013655497328855182,0.01265549732885518,0.011155497328855181,0.00865549732885518,0.0036554973288551815,0.09224755387433459,0.09124755387433459,0.08974755387433458,0.08724755387433458,0.08224755387433459
GV-001,GOVERNANCE_EXECUTION,JTO,2025-12-26,0.04837613510001937,0.04737613510001937,0.045876135100019366,0.04337613510001937,0.038376135100019367,0.016041750117848252,0.015041750117848252,0.013541750117848252,0.011041750117848251,0.006041750117848252,0.1867921142863438,0.1857921142863438,0.1842921142863438,0.1817921142863438,0.17679211428634378
GV-001,GOVERNANCE_EXECUTION,JTO,2026-01-12,0.07918667442931815,0.07818667442931815,0.07668667442931815,0.07418667442931814,0.06918667442931815,-0.023845442689183316,-0.024845442689183317,-0.026345442689183315,-0.028845442689183317,-0.03384544268918332,-0.1529591865092268,-0.1539591865092268,-0.1554591865092268,-0.1579591865092268,-0.1629591865092268
GV-001,GOVERNANCE_EXECUTION,JTO,2026-02-01,0.0,-0.001,-0.0025,-0.005,-0.01,0.006115029149837303,0.005115029149837303,0.0036150291498373032,0.0011150291498373032,-0.003884970850162697,-0.10588126179603963,-0.10688126179603963,-0.10838126179603963,-0.11088126179603963,-0.11588126179603962
GV-001,GOVERNANCE_EXECUTION,JTO,2026-01-15,0.00810894170056864,0.007108941700568639,0.005608941700568639,0.003108941700568639,-0.001891058299431361,-0.09522387937685683,-0.09622387937685684,-0.09772387937685684,-0.10022387937685684,-0.10522387937685683,-0.21291468615696418,-0.21391468615696418,-0.21541468615696419,-0.2179146861569642,-0.2229146861569642
GV-002,GOVERNANCE_EXECUTION,JTO,2025-10-15,-0.0010874367616380276,-0.0020874367616380276,-0.0035874367616380277,-0.006087436761638028,-0.011087436761638028,-0.05264977267680171,-0.05364977267680171,-0.05514977267680171,-0.05764977267680171,-0.0626497726768017,-0.08220326752930518,-0.08320326752930518,-0.08470326752930518,-0.08720326752930518,-0.09220326752930517
GV-002,GOVERNANCE_EXECUTION,JTO,2025-11-17,0.023583723189428252,0.02258372318942825,0.021083723189428253,0.01858372318942825,0.013583723189428252,-0.04289419925411786,-0.04389419925411786,-0.04539419925411786,-0.04789419925411786,-0.05289419925411786,-0.07752625880651898,-0.07852625880651898,-0.08002625880651898,-0.08252625880651898,-0.08752625880651897
GV-002,GOVERNANCE_EXECUTION,JTO,2025-11-11,-0.005645981612082074,-0.006645981612082074,-0.008145981612082074,-0.010645981612082075,-0.015645981612082076,-0.16228341001521696,-0.16328341001521696,-0.16478341001521696,-0.16728341001521696,-0.17228341001521696,-0.21128605453170768,-0.21228605453170768,-0.21378605453170768,-0.21628605453170768,-0.2212860545317077
GV-002,GOVERNANCE_EXECUTION,JTO,2025-10-01,0.025885590945815107,0.024885590945815106,0.023385590945815108,0.020885590945815106,0.015885590945815105,-0.02343789152834419,-0.02443789152834419,-0.02593789152834419,-0.02843789152834419,-0.03343789152834419,-0.012619288954834218,-0.013619288954834219,-0.015119288954834218,-0.01761928895483422,-0.02261928895483422
GV-002,GOVERNANCE_EXECUTION,JTO,2025-12-10,-0.030653490748641765,-0.031653490748641766,-0.03315349074864177,-0.03565349074864176,-0.04065349074864177,-0.05461475648893832,-0.05561475648893832,-0.05711475648893832,-0.05961475648893832,-0.06461475648893832,-0.20071918615845052,-0.20171918615845053,-0.20321918615845053,-0.20571918615845053,-0.21071918615845053
GV-002,GOVERNANCE_EXECUTION,JTO,2025-09-20,-0.01034330441633402,-0.011343304416334021,-0.012843304416334021,-0.015343304416334021,-0.020343304416334022,-0.1176631449155704,-0.1186631449155704,-0.1201631449155704,-0.1226631449155704,-0.1276631449155704,-0.14903495169344294,-0.15003495169344294,-0.15153495169344294,-0.15403495169344295,-0.15903495169344295
GV-002,GOVERNANCE_EXECUTION,JTO,2026-02-19,0.11137807177902315,0.11037807177902315,0.10887807177902314,0.10637807177902314,0.10137807177902315,0.07088438507891648,0.06988438507891648,0.06838438507891648,0.06588438507891647,0.06088438507891648,-0.011260228014080553,-0.012260228014080554,-0.013760228014080554,-0.016260228014080554,-0.021260228014080555
GV-002,GOVERNANCE_EXECUTION,JTO,2026-02-10,0.0007094415527839626,-0.00029055844721603743,-0.0017905584472160375,-0.0042905584472160375,-0.009290558447216038,0.10638488792999179,0.10538488792999179,0.10388488792999179,0.10138488792999178,0.0963848879299918,0.37465864693890993,0.37365864693890993,0.37215864693890993,0.36965864693890993,0.3646586469389099
GV-002,GOVERNANCE_EXECUTION,JTO,2025-11-12,-0.06315618746074103,-0.06415618746074103,-0.06565618746074103,-0.06815618746074104,-0.07315618746074103,-0.16877280998283228,-0.16977280998283228,-0.17127280998283229,-0.1737728099828323,-0.1787728099828323,-0.22866000669806852,-0.22966000669806852,-0.23116000669806852,-0.23366000669806852,-0.23866000669806853
GV-002,GOVERNANCE_EXECUTION,JTO,2025-11-10,-0.11132714650025644,-0.11232714650025644,-0.11382714650025644,-0.11632714650025644,-0.12132714650025643,-0.17215288463025968,-0.17315288463025968,-0.17465288463025969,-0.1771528846302597,-0.1821528846302597,-0.31524050584708685,-0.31624050584708685,-0.31774050584708685,-0.32024050584708685,-0.32524050584708686
GV-002,GOVERNANCE_EXECUTION,JTO,2025-09-16,0.11307406104088114,0.11207406104088113,0.11057406104088113,0.10807406104088113,0.10307406104088114,0.01022557939047175,0.00922557939047175,0.00772557939047175,0.005225579390471751,0.00022557939047175048,-0.10839108974195033,-0.10939108974195033,-0.11089108974195033,-0.11339108974195033,-0.11839108974195033
GV-002,GOVERNANCE_EXECUTION,JTO,2025-10-03,-0.027980763810567022,-0.028980763810567023,-0.03048076381056702,-0.03298076381056702,-0.037980763810567024,0.00787847874537162,0.00687847874537162,0.005378478745371619,0.0028784787453716197,-0.0021215212546283804,-0.3777545841796658,-0.3787545841796658,-0.3802545841796658,-0.3827545841796658,-0.3877545841796658
GV-002,GOVERNANCE_EXECUTION,JTO,2026-03-02,-0.0031290449562222378,-0.004129044956222238,-0.005629044956222238,-0.008129044956222239,-0.013129044956222238,-0.016380968517105243,-0.017380968517105244,-0.018880968517105242,-0.021380968517105244,-0.026380968517105245,-0.062478247259384334,-0.06347824725938433,-0.06497824725938434,-0.06747824725938434,-0.07247824725938433
GV-002,GOVERNANCE_EXECUTION,JTO,2025-09-30,0.04684716553955015,0.04584716553955015,0.04434716553955015,0.04184716553955015,0.03684716553955015,0.05173975695646149,0.05073975695646149,0.04923975695646149,0.046739756956461494,0.04173975695646149,0.00834456204316747,0.007344562043167469,0.005844562043167469,0.0033445620431674693,-0.0016554379568325308
GV-002,GOVERNANCE_EXECUTION,JTO,2025-10-02,-0.020676717472269623,-0.021676717472269624,-0.023176717472269622,-0.025676717472269624,-0.030676717472269625,-0.05332216347070895,-0.05432216347070895,-0.05582216347070895,-0.05832216347070895,-0.06332216347070894,-0.07369807965805364,-0.07469807965805364,-0.07619807965805364,-0.07869807965805364,-0.08369807965805363
GV-002,GOVERNANCE_EXECUTION,JTO,2025-09-23,0.00036185245801889643,-0.0006381475419811036,-0.0021381475419811036,-0.004638147541981104,-0.009638147541981104,-0.021718917541936222,-0.022718917541936223,-0.02421891754193622,-0.026718917541936223,-0.031718917541936224,-0.042165941485197034,-0.043165941485197035,-0.044665941485197036,-0.04716594148519703,-0.052165941485197036
GV-002,GOVERNANCE_EXECUTION,JTO,2025-12-08,0.01944587645808782,0.018445876458087818,0.01694587645808782,0.014445876458087818,0.009445876458087818,-0.05795925484852904,-0.05895925484852904,-0.06045925484852904,-0.06295925484852904,-0.06795925484852904,-0.16520774269978666,-0.16620774269978666,-0.16770774269978667,-0.17020774269978667,-0.17520774269978667
GV-002,GOVERNANCE_EXECUTION,JTO,2026-01-31,-0.07777062734100604,-0.07877062734100604,-0.08027062734100604,-0.08277062734100604,-0.08777062734100603,-0.05231681408274169,-0.05331681408274169,-0.054816814082741694,-0.05731681408274169,-0.062316814082741694,-0.15826858027448965,-0.15926858027448965,-0.16076858027448965,-0.16326858027448965,-0.16826858027448965
GV-002,GOVERNANCE_EXECUTION,JTO,2025-11-14,-0.013348778729711075,-0.014348778729711076,-0.015848778729711074,-0.018348778729711076,-0.023348778729711077,-0.08018808216830986,-0.08118808216830986,-0.08268808216830986,-0.08518808216830986,-0.09018808216830985,-0.20086323381243032,-0.20186323381243032,-0.20336323381243032,-0.20586323381243032,-0.21086323381243033
GV-002,GOVERNANCE_EXECUTION,JTO,2025-11-25,0.06396291056685377,0.06296291056685377,0.06146291056685377,0.05896291056685377,0.05396291056685377,-0.030136449986355562,-0.031136449986355563,-0.032636449986355565,-0.03513644998635556,-0.040136449986355564,-0.08559371901154833,-0.08659371901154833,-0.08809371901154833,-0.09059371901154833,-0.09559371901154833
GV-003,GOVERNANCE_EXECUTION,JUP,2026-03-12,0.022321403339911283,0.021321403339911282,0.019821403339911284,0.017321403339911282,0.012321403339911283,0.016548515727404345,0.015548515727404344,0.014048515727404344,0.011548515727404344,0.006548515727404345,,,,,
GV-003,GOVERNANCE_EXECUTION,JUP,2026-01-17,0.0027738654229225723,0.0017738654229225723,0.00027386542292257227,-0.0022261345770774278,-0.007226134577077428,-0.13453541972404892,-0.13553541972404892,-0.13703541972404892,-0.13953541972404893,-0.14453541972404893,-0.16504858523094879,-0.1660485852309488,-0.1675485852309488,-0.1700485852309488,-0.1750485852309488
GV-003,GOVERNANCE_EXECUTION,JUP,2025-11-08,0.04558824020350083,0.04458824020350083,0.04308824020350083,0.04058824020350083,0.03558824020350083,0.014705908788081423,0.013705908788081422,0.012205908788081423,0.009705908788081422,0.004705908788081423,-0.09411767928451831,-0.09511767928451831,-0.09661767928451831,-0.09911767928451831,-0.1041176792845183
GV-003,GOVERNANCE_EXECUTION,JUP,2026-01-31,-0.028957525486640767,-0.029957525486640768,-0.03145752548664077,-0.033957525486640765,-0.03895752548664077,-0.028957525486640767,-0.029957525486640768,-0.03145752548664077,-0.033957525486640765,-0.03895752548664077,-0.02123545875953403,-0.022235458759534033,-0.02373545875953403,-0.026235458759534033,-0.031235458759534034
GV-003,GOVERNANCE_EXECUTION,JUP,2025-10-18,-0.07950196099596207,-0.08050196099596207,-0.08200196099596208,-0.08450196099596208,-0.08950196099596207,-0.11302684064437885,-0.11402684064437885,-0.11552684064437885,-0.11802684064437885,-0.12302684064437884,-0.09770116544668472,-0.09870116544668472,-0.10020116544668473,-0.10270116544668473,-0.10770116544668472
GV-003,GOVERNANCE_EXECUTION,JUP,2026-02-08,-0.0020964520477778636,-0.0030964520477778637,-0.004596452047777864,-0.007096452047777864,-0.012096452047777864,-0.056603778189760035,-0.057603778189760035,-0.05910377818976004,-0.06160377818976003,-0.06660377818976003,-0.13626834586211556,-0.13726834586211556,-0.13876834586211556,-0.14126834586211556,-0.14626834586211557
GV-003,GOVERNANCE_EXECUTION,JUP,2026-02-09,-0.03361339656690965,-0.03461339656690965,-0.03611339656690965,-0.038613396566909645,-0.04361339656690965,-0.0798319314886029,-0.0808319314886029,-0.0823319314886029,-0.08483193148860291,-0.0898319314886029,-0.12815126166025737,-0.12915126166025737,-0.13065126166025737,-0.13315126166025737,-0.13815126166025737
GV-003,GOVERNANCE_EXECUTION,JUP,2026-01-14,-0.040789476606686526,-0.041789476606686526,-0.04328947660668653,-0.04578947660668652,-0.05078947660668653,-0.051315795620961224,-0.052315795620961225,-0.053815795620961226,-0.05631579562096122,-0.061315795620961226,-0.17763162379225805,-0.17863162379225805,-0.18013162379225806,-0.18263162379225806,-0.18763162379225806
GV-003,GOVERNANCE_EXECUTION,JUP,2025-11-16,0.04522608459786315,0.04422608459786315,0.042726084597863145,0.04022608459786315,0.035226084597863146,-0.003350109229550924,-0.004350109229550924,-0.005850109229550924,-0.008350109229550925,-0.013350109229550924,-0.03350079979470344,-0.03450079979470344,-0.03600079979470344,-0.03850079979470344,-0.04350079979470344
GV-003,GOVERNANCE_EXECUTION,JUP,2025-12-28,-0.013081410351318712,-0.014081410351318713,-0.015581410351318712,-0.018081410351318713,-0.023081410351318714,-0.0610465534381015,-0.062046553438101504,-0.0635465534381015,-0.06604655343810151,-0.0710465534381015,0.005813913153831507,0.004813913153831507,0.003313913153831507,0.0008139131538315069,-0.004186086846168493
GV-003,GOVERNANCE_EXECUTION,JUP,2025-11-02,-0.08145366845384117,-0.08245366845384117,-0.08395366845384117,-0.08645366845384117,-0.09145366845384116,-0.9360902285460281,-0.9370902285460281,-0.938590228546028,-0.9410902285460281,-0.9460902285460281,-0.1090225810705775,-0.1100225810705775,-0.1115225810705775,-0.1140225810705775,-0.11902258107057749
GV-003,GOVERNANCE_EXECUTION,JUP,2025-10-09,-0.1037923396855206,-0.1047923396855206,-0.1062923396855206,-0.1087923396855206,-0.11379233968552059,-0.024950058753723914,-0.025950058753723915,-0.027450058753723913,-0.029950058753723915,-0.034950058753723916,-0.14271450337476654,-0.14371450337476654,-0.14521450337476655,-0.14771450337476655,-0.15271450337476655
GV-003,GOVERNANCE_EXECUTION,JUP,2026-03-09,0.009090912097503123,0.008090912097503122,0.006590912097503123,0.004090912097503123,-0.000909087902496877,0.018181824195006246,0.017181824195006246,0.015681824195006248,0.013181824195006245,0.008181824195006246,0.035031222126054695,0.034031222126054694,0.03253122212605469,0.030031222126054694,0.025031222126054693
GV-003,GOVERNANCE_EXECUTION,JUP,2026-01-03,0.016152668522074975,0.015152668522074975,0.013652668522074975,0.011152668522074975,0.006152668522074975,0.08223203898357623,0.08123203898357623,0.07973203898357623,0.07723203898357622,0.07223203898357623,-0.02643174818460048,-0.02743174818460048,-0.028931748184600477,-0.031431748184600476,-0.03643174818460048
GV-003,GOVERNANCE_EXECUTION,JUP,2025-12-14,-0.05726873075076511,-0.05826873075076511,-0.05976873075076511,-0.062268730750765104,-0.0672687307507651,-0.06754772493948669,-0.06854772493948669,-0.07004772493948669,-0.07254772493948669,-0.07754772493948668,-0.022026428329232406,-0.023026428329232407,-0.024526428329232405,-0.027026428329232407,-0.03202642832923241
GV-003,GOVERNANCE_EXECUTION,JUP,2026-01-01,0.04566209398384391,0.04466209398384391,0.04316209398384391,0.04066209398384391,0.03566209398384391,0.05327241344910605,0.05227241344910605,0.050772413449106046,0.04827241344910605,0.04327241344910605,0.030441366457184094,0.029441366457184093,0.027941366457184095,0.025441366457184093,0.02044136645718409
GV-003,GOVERNANCE_EXECUTION,JUP,2025-12-29,-0.041237085121461514,-0.042237085121461515,-0.043737085121461516,-0.04623708512146151,-0.051237085121461516,-0.03240057912765837,-0.03340057912765837,-0.03490057912765837,-0.037400579127658366,-0.04240057912765837,0.05743741754807563,0.05643741754807563,0.05493741754807563,0.052437417548075634,0.04743741754807563
GV-003,GOVERNANCE_EXECUTION,JUP,2026-01-12,0.1548872596384665,0.1538872596384665,0.1523872596384665,0.1498872596384665,0.1448872596384665,0.09624063414664463,0.09524063414664463,0.09374063414664463,0.09124063414664463,0.08624063414664464,0.0030075416996619975,0.0020075416996619974,0.0005075416996619974,-0.0019924583003380026,-0.006992458300338003
GV-003,GOVERNANCE_EXECUTION,JUP,2025-09-28,0.08045978165034917,0.07945978165034917,0.07795978165034917,0.07545978165034917,0.07045978165034918,0.14022988413463877,0.13922988413463877,0.13772988413463877,0.13522988413463877,0.13022988413463876,0.17701150624969642,0.17601150624969641,0.1745115062496964,0.1720115062496964,0.1670115062496964
GV-003,GOVERNANCE_EXECUTION,JUP,2026-03-13,-0.008733627506551489,-0.00973362750655149,-0.01123362750655149,-0.01373362750655149,-0.01873362750655149,-0.005646842170815347,-0.006646842170815347,-0.008146842170815348,-0.010646842170815348,-0.01564684217081535,,,,,
RW-004,REWARD_CHANGE,KMNO,2026-03-08,-0.002353784108142909,-0.003353784108142909,-0.0048537841081429094,-0.007353784108142909,-0.01235378410814291,-0.03107016457100409,-0.03207016457100409,-0.03357016457100409,-0.036070164571004086,-0.04107016457100409,0.10962316655913762,0.10862316655913762,0.10712316655913762,0.10462316655913761,0.09962316655913762
RW-004,REWARD_CHANGE,KMNO,2026-03-06,-0.0509654363203117,-0.0519654363203117,-0.0534654363203117,-0.055965436320311694,-0.0609654363203117,-0.09067934112000431,-0.09167934112000431,-0.09317934112000431,-0.09567934112000431,-0.1006793411200043,0.05106081085941261,0.05006081085941261,0.048560810859412606,0.04606081085941261,0.04106081085941261
RW-004,REWARD_CHANGE,KMNO,2025-10-17,-0.0185996787811874,-0.019599678781187402,-0.0210996787811874,-0.023599678781187402,-0.028599678781187403,-0.0831566341870672,-0.0841566341870672,-0.0856566341870672,-0.0881566341870672,-0.0931566341870672,-0.03733657128929524,-0.03833657128929524,-0.03983657128929524,-0.04233657128929524,-0.04733657128929524
RW-004,REWARD_CHANGE,KMNO,2025-10-07,0.016004102849893398,0.015004102849893397,0.013504102849893397,0.011004102849893397,0.006004102849893398,-0.22067114311444413,-0.22167114311444414,-0.22317114311444414,-0.22567114311444414,-0.23067114311444414,-0.18371468971227467,-0.18471468971227467,-0.18621468971227467,-0.18871468971227467,-0.19371468971227468
RW-004,REWARD_CHANGE,KMNO,2026-01-03,-0.0021359630409555352,-0.0031359630409555353,-0.004635963040955536,-0.007135963040955535,-0.012135963040955535,-0.0020366532195411624,-0.0030366532195411624,-0.004536653219541163,-0.0070366532195411625,-0.012036653219541163,-0.05126335971540885,-0.05226335971540885,-0.053763359715408854,-0.05626335971540885,-0.061263359715408854
RW-004,REWARD_CHANGE,KMNO,2025-12-17,-0.028274806930816854,-0.029274806930816855,-0.030774806930816852,-0.03327480693081685,-0.038274806930816856,-0.05355522458088624,-0.05455522458088624,-0.05605522458088624,-0.05855522458088624,-0.06355522458088624,-0.08994228375676827,-0.09094228375676827,-0.09244228375676827,-0.09494228375676828,-0.09994228375676827
RW-004,REWARD_CHANGE,KMNO,2025-10-19,-0.060669063772870624,-0.061669063772870625,-0.06316906377287063,-0.06566906377287063,-0.07066906377287062,-0.0961231473712506,-0.0971231473712506,-0.09862314737125061,-0.10112314737125061,-0.1061231473712506,0.007722421437546201,0.006722421437546201,0.0052224214375462,0.0027224214375462007,-0.0022775785624537994
RW-004,REWARD_CHANGE,KMNO,2025-11-24,0.006415027703443155,0.005415027703443155,0.003915027703443154,0.0014150277034431545,-0.0035849722965568456,0.06898759325981918,0.06798759325981918,0.06648759325981918,0.06398759325981918,0.05898759325981918,0.004317117746480026,0.003317117746480026,0.0018171177464800258,-0.0006828822535199742,-0.005682882253519974
RW-004,REWARD_CHANGE,KMNO,2025-11-10,-0.049093042636486395,-0.050093042636486396,-0.0515930426364864,-0.05409304263648639,-0.0590930426364864,-0.06598747412732053,-0.06698747412732053,-0.06848747412732054,-0.07098747412732054,-0.07598747412732053,-0.15242785563760464,-0.15342785563760464,-0.15492785563760464,-0.15742785563760464,-0.16242785563760465
RW-004,REWARD_CHANGE,KMNO,2025-11-09,0.013500120320232512,0.01250012032023251,0.011000120320232511,0.00850012032023251,0.0035001203202325113,-0.04305365854354504,-0.04405365854354504,-0.04555365854354504,-0.048053658543545034,-0.05305365854354504,-0.1504005284578751,-0.1514005284578751,-0.1529005284578751,-0.1554005284578751,-0.1604005284578751
RW-004,REWARD_CHANGE,KMNO,2026-02-06,-0.016496393052910507,-0.01749639305291051,-0.018996393052910506,-0.02149639305291051,-0.02649639305291051,-0.04667030178502851,-0.04767030178502851,-0.049170301785028514,-0.05167030178502851,-0.056670301785028514,-0.05416574958385967,-0.05516574958385967,-0.05666574958385967,-0.059165749583859666,-0.06416574958385966
RW-004,REWARD_CHANGE,KMNO,2026-01-14,0.049722343981410955,0.048722343981410954,0.04722234398141095,0.04472234398141096,0.03972234398141095,0.014281586684625536,0.013281586684625535,0.011781586684625535,0.009281586684625535,0.0042815866846255355,-0.07376691442445726,-0.07476691442445726,-0.07626691442445727,-0.07876691442445727,-0.08376691442445726
RW-004,REWARD_CHANGE,KMNO,2025-10-27,0.024993659679790392,0.02399365967979039,0.022493659679790393,0.01999365967979039,0.014993659679790392,-0.04393595337281553,-0.04493595337281553,-0.04643595337281553,-0.048935953372815526,-0.05393595337281553,-0.09332446471259559,-0.09432446471259559,-0.09582446471259559,-0.0983244647125956,-0.10332446471259558
RW-004,REWARD_CHANGE,KMNO,2026-01-08,0.005605505573992975,0.004605505573992975,0.003105505573992975,0.0006055055739929748,-0.004394494426007025,-0.03635963887098759,-0.03735963887098759,-0.03885963887098759,-0.041359638870987585,-0.04635963887098759,-0.020372920181857768,-0.02137292018185777,-0.022872920181857766,-0.02537292018185777,-0.03037292018185777
RW-004,REWARD_CHANGE,KMNO,2025-11-07,-0.021358993143960725,-0.022358993143960726,-0.023858993143960724,-0.026358993143960726,-0.03135899314396073,0.03791343801469149,0.03691343801469149,0.03541343801469149,0.032913438014691494,0.02791343801469149,-0.07896456505627447,-0.07996456505627447,-0.08146456505627447,-0.08396456505627448,-0.08896456505627447
RW-004,REWARD_CHANGE,KMNO,2025-12-02,0.013852991331822606,0.012852991331822605,0.011352991331822606,0.008852991331822605,0.003852991331822606,0.0029409588325630676,0.0019409588325630675,0.0004409588325630675,-0.0020590411674369325,-0.007059041167436933,-0.004114073569231103,-0.005114073569231103,-0.006614073569231103,-0.009114073569231104,-0.014114073569231103
RW-004,REWARD_CHANGE,KMNO,2026-01-18,0.05910361486817428,0.05810361486817428,0.05660361486817428,0.054103614868174284,0.04910361486817428,-0.00798802972094137,-0.00898802972094137,-0.01048802972094137,-0.01298802972094137,-0.01798802972094137,-0.14600014582007903,-0.14700014582007903,-0.14850014582007903,-0.15100014582007903,-0.15600014582007904
RW-004,REWARD_CHANGE,KMNO,2025-10-11,0.06895636523321302,0.06795636523321302,0.06645636523321302,0.06395636523321302,0.05895636523321302,0.10353137890039266,0.10253137890039266,0.10103137890039265,0.09853137890039265,0.09353137890039266,0.13231456443930978,0.13131456443930978,0.12981456443930978,0.12731456443930977,0.12231456443930978
RW-004,REWARD_CHANGE,KMNO,2026-01-13,-0.01873285466246377,-0.019732854662463772,-0.02123285466246377,-0.023732854662463772,-0.028732854662463773,0.025659779985111486,0.024659779985111485,0.023159779985111487,0.020659779985111485,0.015659779985111484,-0.08750306305928612,-0.08850306305928612,-0.09000306305928613,-0.09250306305928613,-0.09750306305928612
RW-004,REWARD_CHANGE,KMNO,2026-02-09,-0.02640948202918547,-0.027409482029185472,-0.02890948202918547,-0.03140948202918547,-0.03640948202918547,-0.06034539732257749,-0.06134539732257749,-0.06284539732257749,-0.06534539732257749,-0.07034539732257748,0.10288282546285132,0.10188282546285132,0.10038282546285132,0.09788282546285132,0.09288282546285133
RW-005,REWARD_CHANGE,PYTH,2025-10-10,-0.02480712535670948,-0.02580712535670948,-0.02730712535670948,-0.02980712535670948,-0.03480712535670948,0.1951379896726988,0.1941379896726988,0.1926379896726988,0.1901379896726988,0.1851379896726988,-0.018060479930505413,-0.019060479930505414,-0.020560479930505412,-0.023060479930505414,-0.028060479930505415
RW-005,REWARD_CHANGE,PYTH,2025-09-27,0.03146989393376054,0.03046989393376054,0.02896989393376054,0.02646989393376054,0.021469893933760538,0.004522916091278972,0.0035229160912789723,0.0020229160912789723,-0.0004770839087210278,-0.005477083908721028,0.055555944645434785,0.054555944645434784,0.05305594464543478,0.05055594464543479,0.04555594464543478
RW-005,REWARD_CHANGE,PYTH,2026-03-07,-0.013183803211532119,-0.01418380321153212,-0.015683803211532118,-0.01818380321153212,-0.02318380321153212,0.0006700353616355681,-0.0003299646383644319,-0.001829964638364432,-0.004329964638364432,-0.009329964638364432,0.048931260587557146,0.047931260587557145,0.046431260587557144,0.04393126058755715,0.038931260587557144
RW-005,REWARD_CHANGE,PYTH,2026-02-07,-0.01824567354630624,-0.01924567354630624,-0.02074567354630624,-0.02324567354630624,-0.028245673546306242,-0.04026043525648704,-0.04126043525648704,-0.04276043525648704,-0.045260435256487035,-0.05026043525648704,0.2505996476068104,0.24959964760681042,0.24809964760681041,0.2455996476068104,0.2405996476068104
RW-005,REWARD_CHANGE,PYTH,2025-09-18,-0.043920759528592646,-0.044920759528592646,-0.04642075952859265,-0.04892075952859264,-0.05392075952859265,-0.050991594676208174,-0.051991594676208175,-0.053491594676208176,-0.05599159467620817,-0.060991594676208176,-0.19666535583977662,-0.19766535583977662,-0.19916535583977663,-0.20166535583977663,-0.20666535583977663
RW-005,REWARD_CHANGE,PYTH,2025-10-08,-0.03920786844720159,-0.04020786844720159,-0.04170786844720159,-0.044207868447201586,-0.04920786844720159,-0.3376494793348549,-0.3386494793348549,-0.3401494793348549,-0.3426494793348549,-0.3476494793348549,-0.27601522563864866,-0.27701522563864867,-0.27851522563864867,-0.28101522563864867,-0.2860152256386487
RW-005,REWARD_CHANGE,PYTH,2025-11-14,0.01581418199818696,0.01481418199818696,0.01331418199818696,0.01081418199818696,0.00581418199818696,-0.06372265781441322,-0.06472265781441322,-0.06622265781441322,-0.06872265781441322,-0.07372265781441321,-0.17693963841565352,-0.17793963841565352,-0.17943963841565352,-0.18193963841565353,-0.18693963841565353
RW-005,REWARD_CHANGE,PYTH,2025-10-27,-0.02869912140308084,-0.02969912140308084,-0.03119912140308084,-0.03369912140308084,-0.03869912140308084,-0.10965892790394671,-0.11065892790394671,-0.11215892790394671,-0.11465892790394672,-0.11965892790394671,-0.184509232532016,-0.185509232532016,-0.187009232532016,-0.18950923253201601,-0.19450923253201602
RW-005,REWARD_CHANGE,PYTH,2026-01-04,0.04377785003972212,0.04277785003972212,0.04127785003972212,0.038777850039722124,0.03377785003972212,0.005455666636263734,0.004455666636263734,0.002955666636263734,0.00045566663626373394,-0.004544333363736266,-0.020624726539212435,-0.021624726539212435,-0.023124726539212433,-0.025624726539212436,-0.030624726539212437
RW-005,REWARD_CHANGE,PYTH,2026-01-24,-0.04012653909257757,-0.041126539092577574,-0.042626539092577576,-0.04512653909257757,-0.050126539092577575,0.054993291955441226,0.053993291955441225,0.052493291955441224,0.04999329195544123,0.044993291955441224,-0.10194085920254237,-0.10294085920254237,-0.10444085920254237,-0.10694085920254237,-0.11194085920254236
RW-005,REWARD_CHANGE,PYTH,2026-01-23,0.023449769898042483,0.022449769898042482,0.020949769898042484,0.018449769898042482,0.013449769898042483,0.0171825631608975,0.0161825631608975,0.014682563160897501,0.0121825631608975,0.007182563160897501,0.03332060267445014,0.03232060267445014,0.03082060267445014,0.02832060267445014,0.023320602674450137
RW-005,REWARD_CHANGE,PYTH,2025-11-08,0.0227925014572794,0.0217925014572794,0.020292501457279403,0.0177925014572794,0.012792501457279401,-0.025962689310900067,-0.026962689310900068,-0.028462689310900065,-0.030962689310900068,-0.03596268931090007,-0.11197504530748781,-0.11297504530748781,-0.11447504530748781,-0.11697504530748781,-0.1219750453074878
RW-005,REWARD_CHANGE,PYTH,2026-01-02,0.00575327376056145,0.00475327376056145,0.0032532737605614503,0.0007532737605614502,-0.00424672623943855,0.11585636634981955,0.11485636634981955,0.11335636634981955,0.11085636634981955,0.10585636634981956,0.061958713268635446,0.060958713268635445,0.059458713268635444,0.05695871326863545,0.051958713268635444
RW-005,REWARD_CHANGE,PYTH,2025-09-30,0.06712509969321823,0.06612509969321823,0.06462509969321822,0.06212509969321823,0.057125099693218225,0.08705444722440836,0.08605444722440836,0.08455444722440836,0.08205444722440836,0.07705444722440837,0.06719967067514321,0.06619967067514321,0.0646996706751432,0.06219967067514321,0.057199670675143206
RW-005,REWARD_CHANGE,PYTH,2025-12-28,-0.036994363186045764,-0.037994363186045765,-0.03949436318604577,-0.04199436318604576,-0.046994363186045766,-0.08276882300668786,-0.08376882300668786,-0.08526882300668787,-0.08776882300668787,-0.09276882300668786,0.11208481264888603,0.11108481264888603,0.10958481264888603,0.10708481264888603,0.10208481264888604
RW-005,REWARD_CHANGE,PYTH,2025-09-15,0.0156893234695461,0.0146893234695461,0.013189323469546101,0.0106893234695461,0.005689323469546101,0.07362229097607798,0.07262229097607797,0.07112229097607797,0.06862229097607797,0.06362229097607798,-0.08014498935157943,-0.08114498935157943,-0.08264498935157943,-0.08514498935157944,-0.09014498935157943
RW-005,REWARD_CHANGE,PYTH,2025-12-30,-0.04613228500675104,-0.04713228500675104,-0.04863228500675104,-0.05113228500675104,-0.05613228500675104,0.08180013744667791,0.08080013744667791,0.07930013744667791,0.07680013744667791,0.07180013744667792,0.22271056339952544,0.22171056339952544,0.22021056339952544,0.21771056339952544,0.21271056339952543
RW-005,REWARD_CHANGE,PYTH,2025-11-21,-0.018917530021622775,-0.019917530021622776,-0.021417530021622774,-0.023917530021622776,-0.028917530021622777,0.042968559025349906,0.041968559025349905,0.040468559025349904,0.03796855902534991,0.032968559025349904,0.02119465684834121,0.020194656848341208,0.01869465684834121,0.016194656848341208,0.011194656848341209
RW-005,REWARD_CHANGE,PYTH,2026-01-16,-0.0076284452040459305,-0.008628445204045931,-0.010128445204045931,-0.012628445204045931,-0.017628445204045932,-0.09991768754835273,-0.10091768754835273,-0.10241768754835273,-0.10491768754835273,-0.10991768754835272,-0.140797253933579,-0.141797253933579,-0.143297253933579,-0.145797253933579,-0.150797253933579
RW-005,REWARD_CHANGE,PYTH,2025-11-27,-0.010445209876985162,-0.011445209876985163,-0.012945209876985162,-0.015445209876985163,-0.020445209876985164,-0.03941774380198093,-0.04041774380198093,-0.04191774380198093,-0.04441774380198093,-0.04941774380198093,-0.06156160041464098,-0.06256160041464098,-0.06406160041464098,-0.06656160041464099,-0.07156160041464098
